sourceOccurrenceId	sourceTaxonId	sourceTaxonName	sourceBodyPartId	sourceBodyPartName	sourceLifeStageId	sourceLifeStageName	interactionTypeId	interactionTypeName	targetOccurrenceId	targetTaxonId	targetTaxonName	targetBodyPartId	targetBodyPartName	targetLifeStageId	targetLifeStageName	localityId	localityName	decimalLatitude	decimalLongitude	YYYY	MM	DD	HH	mm	ss	observationDateTime	referenceDoi	referenceUrl	referenceCitation
	WORMS:368215	Paguristes cadenati			http://purl.obolibrary.org/obo/UBERON_0003101	male organism	http://purl.obolibrary.org/obo/RO_0002441	commensualistOf		WORMS:419521	Cerithium eburneum					GEONAMES:3533115	Arrecife Alacranes	223.888.889	-896.321.111	2008	6	12	0	0	0	2008-6-12T00:00:00Z			
	WORMS:368215	Paguristes cadenati			http://purl.obolibrary.org/obo/UBERON_0003101	male organism	http://purl.obolibrary.org/obo/RO_0002442	commensualistOf		WORMS:419521	Cerithium eburneum					GEONAMES:3533115	Arrecife Alacranes	223.888.889	-896.321.111	2008	6	12	0	0	0	2008-6-12T00:00:00Z			
	WORMS:367527	Clibanarius tricolor					http://purl.obolibrary.org/obo/RO_0002443	commensualistOf		WORMS:208599	Columbella mercatoria					GEONAMES:9291830	Punta Piedra, Mahahual, Quitana Roo	185.391.556	-877.412.389	2016	3	13	0	0	0	2016-3-13T00:00:00Z			
	WORMS:367527	Clibanarius tricolor					http://purl.obolibrary.org/obo/RO_0002444	commensualistOf		WORMS:208599	Columbella mercatoria					GEONAMES:9291830	Punta Piedra, Mahahual, Quitana Roo	185.391.556	-877.412.389	2016	3	13	0	0	0	2016-3-13T00:00:00Z			
	WORMS:367527	Clibanarius tricolor					http://purl.obolibrary.org/obo/RO_0002445	commensualistOf		WORMS:208599	Columbella mercatoria					GEONAMES:9291830	Punta Piedra, Mahahual, Quitana Roo	185.391.556	-877.412.389	2016	3	13	0	0	0	2016-3-13T00:00:00Z			
	WORMS:367527	Clibanarius tricolor			http://purl.obolibrary.org/obo/UBERON_0003101	male organism	http://purl.obolibrary.org/obo/RO_0002446	commensualistOf		WORMS:208599	Columbella mercatoria					GEONAMES:9291830	Punta Piedra, Mahahual, Quitana Roo	185.391.556	-877.412.389	2016	3	13	0	0	0	2016-3-13T00:00:00Z			
	WORMS:367527	Clibanarius tricolor			http://purl.obolibrary.org/obo/UBERON_0003101	male organism	http://purl.obolibrary.org/obo/RO_0002447	commensualistOf		WORMS:208599	Columbella mercatoria					GEONAMES:9291830	Punta Piedra, Mahahual, Quitana Roo	185.391.556	-877.412.389	2016	3	13	0	0	0	2016-3-13T00:00:00Z			
	WORMS:367527	Clibanarius tricolor			http://purl.obolibrary.org/obo/UBERON_0003101	male organism	http://purl.obolibrary.org/obo/RO_0002448	commensualistOf		WORMS:419557	Cenchritis muricatus					GEONAMES:9291830	Punta Piedra, Mahahual, Quitana Roo	185.391.556	-877.412.389	2016	3	13	0	0	0	2016-3-13T00:00:00Z			
	WORMS:367527	Clibanarius tricolor			http://purl.obolibrary.org/obo/UBERON_0003101	male organism	http://purl.obolibrary.org/obo/RO_0002449	commensualistOf		WORMS:419557	Cenchritis muricatus					GEONAMES:9291830	Punta Piedra, Mahahual, Quitana Roo	185.391.556	-877.412.389	2016	3	13	0	0	0	2016-3-13T00:00:00Z			
	WORMS:367527	Clibanarius tricolor			http://purl.obolibrary.org/obo/UBERON_0003100	female organism	http://purl.obolibrary.org/obo/RO_0002450	commensualistOf		WORMS:419557	Cenchritis muricatus					GEONAMES:9291830	Punta Piedra, Mahahual, Quitana Roo	185.391.556	-877.412.389	2016	3	13	0	0	0	2016-3-13T00:00:00Z			
	WORMS:367527	Clibanarius tricolor			http://purl.obolibrary.org/obo/UBERON_0003101	male organism	http://purl.obolibrary.org/obo/RO_0002451	commensualistOf		WORMS:419513	Puperita pupa					GEONAMES:9291830	Punta Piedra, Mahahual, Quitana Roo	185.391.556	-877.412.389	2016	3	13	0	0	0	2016-3-13T00:00:00Z			
	WORMS:367527	Clibanarius tricolor			http://purl.obolibrary.org/obo/UBERON_0003101	male organism	http://purl.obolibrary.org/obo/RO_0002452	commensualistOf		WORMS:419569	Tectarius antonii					GEONAMES:9291830	Punta Piedra, Mahahual, Quitana Roo	185.391.556	-877.412.389	2016	3	13	0	0	0	2016-3-13T00:00:00Z			
	WORMS:367527	Clibanarius tricolor			http://purl.obolibrary.org/obo/UBERON_0003100	female organism	http://purl.obolibrary.org/obo/RO_0002453	commensualistOf		WORMS:419462	Tegula lividomaculata					GEONAMES:9291830	Punta Piedra, Mahahual, Quitana Roo	185.391.556	-877.412.389	2016	3	13	0	0	0	2016-3-13T00:00:00Z			
	WORMS:367527	Clibanarius tricolor			http://purl.obolibrary.org/obo/UBERON_0003101	male organism	http://purl.obolibrary.org/obo/RO_0002454	commensualistOf		WORMS:419462	Tegula lividomaculata					GEONAMES:9291830	Punta Piedra, Mahahual, Quitana Roo	185.391.556	-877.412.389	2016	3	13	0	0	0	2016-3-13T00:00:00Z			
	WORMS:367527	Clibanarius tricolor			http://purl.obolibrary.org/obo/UBERON_0003101	male organism	http://purl.obolibrary.org/obo/RO_0002455	commensualistOf		WORMS:419559	Echinolittorina interrupta					GEONAMES:9291830	Punta Piedra, Mahahual, Quitana Roo	185.391.556	-877.412.389	2016	3	13	0	0	0	2016-3-13T00:00:00Z			
	WORMS:367527	Clibanarius tricolor			http://purl.obolibrary.org/obo/UBERON_0003101	male organism	http://purl.obolibrary.org/obo/RO_0002456	commensualistOf		WORMS:419559	Echinolittorina interrupta					GEONAMES:9291830	Punta Piedra, Mahahual, Quitana Roo	185.391.556	-877.412.389	2016	3	13	0	0	0	2016-3-13T00:00:00Z			
	WORMS:367527	Clibanarius tricolor			http://purl.obolibrary.org/obo/UBERON_0003101	male organism	http://purl.obolibrary.org/obo/RO_0002457	commensualistOf		WORMS:224584	Angiola lineata					GEONAMES:9291830	Punta Piedra, Mahahual, Quitana Roo	185.391.556	-877.412.389	2016	3	13	0	0	0	2016-3-13T00:00:00Z			
	WORMS:367527	Clibanarius tricolor			http://purl.obolibrary.org/obo/UBERON_0003101	male organism	http://purl.obolibrary.org/obo/RO_0002458	commensualistOf		WORMS:224584	Angiola lineata					GEONAMES:9291830	Punta Piedra, Mahahual, Quitana Roo	185.391.556	-877.412.389	2016	3	13	0	0	0	2016-3-13T00:00:00Z			
	WORMS:367527	Clibanarius tricolor			http://purl.obolibrary.org/obo/UBERON_0007021	sexually immature organism	http://purl.obolibrary.org/obo/RO_0002459	commensualistOf		WORMS:224584	Angiola lineata					GEONAMES:9291830	Punta Piedra, Mahahual, Quitana Roo	185.391.556	-877.412.389	2016	3	13	0	0	0	2016-3-13T00:00:00Z			
	WORMS:367527	Clibanarius tricolor			http://purl.obolibrary.org/obo/UBERON_0007021	sexually immature organism	http://purl.obolibrary.org/obo/RO_0002460	commensualistOf		WORMS:224584	Angiola lineata					GEONAMES:9291830	Punta Piedra, Mahahual, Quitana Roo	185.391.556	-877.412.389	2016	3	13	0	0	0	2016-3-13T00:00:00Z			
	WORMS:367457	Calcinus tibicen			http://purl.obolibrary.org/obo/UBERON_0003101	male organism	http://purl.obolibrary.org/obo/RO_0002461	commensualistOf		WORMS:419505	Nerita tessellata					GEONAMES:9291830	Punta Piedra, Mahahual, Quitana Roo	185.391.556	-877.412.389	2016	3	13	0	0	0	2016-3-13T00:00:00Z			
	WORMS:367457	Calcinus tibicen			http://purl.obolibrary.org/obo/UBERON_0003101	male organism	http://purl.obolibrary.org/obo/RO_0002462	commensualistOf		WORMS:419505	Nerita tessellata					GEONAMES:9291830	Punta Piedra, Mahahual, Quitana Roo	185.391.556	-877.412.389	2016	3	13	0	0	0	2016-3-13T00:00:00Z			
	WORMS:367457	Calcinus tibicen			http://purl.obolibrary.org/obo/UBERON_0003101	male organism	http://purl.obolibrary.org/obo/RO_0002463	commensualistOf		WORMS:419505	Nerita tessellata					GEONAMES:9291830	Punta Piedra, Mahahual, Quitana Roo	185.391.556	-877.412.389	2016	3	13	0	0	0	2016-3-13T00:00:00Z			
	WORMS:367457	Calcinus tibicen			http://purl.obolibrary.org/obo/UBERON_0003101	male organism	http://purl.obolibrary.org/obo/RO_0002464	commensualistOf		WORMS:419505	Nerita tessellata					GEONAMES:9291830	Punta Piedra, Mahahual, Quitana Roo	185.391.556	-877.412.389	2016	3	13	0	0	0	2016-3-13T00:00:00Z			
	WORMS:367457	Calcinus tibicen			http://purl.obolibrary.org/obo/UBERON_0003101	male organism	http://purl.obolibrary.org/obo/RO_0002465	commensualistOf		WORMS:419505	Nerita tessellata					GEONAMES:9291830	Punta Piedra, Mahahual, Quitana Roo	185.391.556	-877.412.389	2016	3	13	0	0	0	2016-3-13T00:00:00Z			
	WORMS:367457	Calcinus tibicen			http://purl.obolibrary.org/obo/UBERON_0003101	male organism	http://purl.obolibrary.org/obo/RO_0002466	commensualistOf		WORMS:419505	Nerita tessellata					GEONAMES:9291830	Punta Piedra, Mahahual, Quitana Roo	185.391.556	-877.412.389	2016	3	13	0	0	0	2016-3-13T00:00:00Z			
	WORMS:367457	Calcinus tibicen			http://purl.obolibrary.org/obo/UBERON_0003101	male organism	http://purl.obolibrary.org/obo/RO_0002467	commensualistOf		WORMS:419505	Nerita tessellata					GEONAMES:9291830	Punta Piedra, Mahahual, Quitana Roo	185.391.556	-877.412.389	2016	3	13	0	0	0	2016-3-13T00:00:00Z			
	WORMS:367457	Calcinus tibicen			http://purl.obolibrary.org/obo/UBERON_0003101	male organism	http://purl.obolibrary.org/obo/RO_0002468	commensualistOf		WORMS:419505	Nerita tessellata					GEONAMES:9291830	Punta Piedra, Mahahual, Quitana Roo	185.391.556	-877.412.389	2016	3	13	0	0	0	2016-3-13T00:00:00Z			
	WORMS:367457	Calcinus tibicen			http://purl.obolibrary.org/obo/UBERON_0003101	male organism	http://purl.obolibrary.org/obo/RO_0002469	commensualistOf		WORMS:396994	Plicopurpura patula					GEONAMES:9291830	Punta Piedra, Mahahual, Quitana Roo	185.391.556	-877.412.389	2016	3	13	0	0	0	2016-3-13T00:00:00Z			
	WORMS:367457	Calcinus tibicen			http://purl.obolibrary.org/obo/UBERON_0003100	female organism	http://purl.obolibrary.org/obo/RO_0002470	commensualistOf		WORMS:419462	Tegula lividomaculata					GEONAMES:9291830	Punta Piedra, Mahahual, Quitana Roo	185.391.556	-877.412.389	2016	3	13	0	0	0	2016-3-13T00:00:00Z			
	WORMS:367457	Calcinus tibicen			http://purl.obolibrary.org/obo/UBERON_0003100	female organism	http://purl.obolibrary.org/obo/RO_0002471	commensualistOf		WORMS:419762	Polinices hepaticus					GEONAMES:9291830	Punta Piedra, Mahahual, Quitana Roo	185.391.556	-877.412.389	2016	3	13	0	0	0	2016-3-13T00:00:00Z			
	WORMS:367527	Clibanarius tricolor			http://purl.obolibrary.org/obo/UBERON_0003100	female organism	http://purl.obolibrary.org/obo/RO_0002472	commensualistOf		WORMS:224584	Angiola lineata					GEONAMES:9291830	Punta Piedra, Mahahual, Quitana Roo	185.391.556	-877.412.389	2016	3	13	0	0	0	2016-3-13T00:00:00Z			
	WORMS:367527	Clibanarius tricolor			http://purl.obolibrary.org/obo/UBERON_0003101	male organism	http://purl.obolibrary.org/obo/RO_0002473	commensualistOf		WORMS:224584	Angiola lineata					GEONAMES:9291830	Punta Piedra, Mahahual, Quitana Roo	185.391.556	-877.412.389	2016	3	13	0	0	0	2016-3-13T00:00:00Z			
	WORMS:367527	Clibanarius tricolor			http://purl.obolibrary.org/obo/UBERON_0003101	male organism	http://purl.obolibrary.org/obo/RO_0002474	commensualistOf		WORMS:224584	Angiola lineata					GEONAMES:9291830	Punta Piedra, Mahahual, Quitana Roo	185.391.556	-877.412.389	2016	3	13	0	0	0	2016-3-13T00:00:00Z			
	WORMS:367527	Clibanarius tricolor			http://purl.obolibrary.org/obo/UBERON_0003100	female organism	http://purl.obolibrary.org/obo/RO_0002475	commensualistOf		WORMS:877063	Phrontis alba					GEONAMES:3532759	Arrecife Cayo Arcas	202.055.417	-919.608.861	2015	10	31	0	0	0	2015-10-31T00:00:00Z			
	WORMS:367527	Clibanarius tricolor			http://purl.obolibrary.org/obo/UBERON_0007021	sexually immature organism	http://purl.obolibrary.org/obo/RO_0002476	commensualistOf		WORMS:877063	Phrontis alba					GEONAMES:3532759	Arrecife Cayo Arcas	202.055.417	-919.608.861	2015	10	31	0	0	0	2015-10-31T00:00:00Z			
	WORMS:367527	Clibanarius tricolor			http://purl.obolibrary.org/obo/UBERON_0007021	sexually immature organism	http://purl.obolibrary.org/obo/RO_0002477	commensualistOf		WORMS:877063	Phrontis alba					GEONAMES:3532759	Arrecife Cayo Arcas	202.055.417	-919.608.861	2015	10	31	0	0	0	2015-10-31T00:00:00Z			
	WORMS:367527	Clibanarius tricolor			http://purl.obolibrary.org/obo/UBERON_0007021	sexually immature organism	http://purl.obolibrary.org/obo/RO_0002478	commensualistOf		WORMS:877063	Phrontis alba					GEONAMES:3532759	Arrecife Cayo Arcas	202.055.417	-919.608.861	2015	10	31	0	0	0	2015-10-31T00:00:00Z			
	WORMS:367527	Clibanarius tricolor			http://purl.obolibrary.org/obo/UBERON_0003101	male organism	http://purl.obolibrary.org/obo/RO_0002479	commensualistOf		WORMS:420521	Bulla occidentalis					GEONAMES:3532759	Arrecife Cayo Arcas	202.055.417	-919.608.861	2015	10	31	0	0	0	2015-10-31T00:00:00Z			
	WORMS:367527	Clibanarius tricolor			http://purl.obolibrary.org/obo/UBERON_0003101	male organism	http://purl.obolibrary.org/obo/RO_0002480	commensualistOf		WORMS:420521	Bulla occidentalis					GEONAMES:3532759	Arrecife Cayo Arcas	202.055.417	-919.608.861	2015	10	31	0	0	0	2015-10-31T00:00:00Z			
	WORMS:367527	Clibanarius tricolor			http://purl.obolibrary.org/obo/UBERON_0003101	male organism	http://purl.obolibrary.org/obo/RO_0002481	commensualistOf		WORMS:216687	Cerithium litteratum					GEONAMES:3532759	Arrecife Cayo Arcas	202.055.417	-919.608.861	2015	10	31	0	0	0	2015-10-31T00:00:00Z			
	WORMS:367527	Clibanarius tricolor			http://purl.obolibrary.org/obo/UBERON_0003101	male organism	http://purl.obolibrary.org/obo/RO_0002482	commensualistOf		WORMS:216687	Cerithium litteratum					GEONAMES:3532759	Arrecife Cayo Arcas	202.055.417	-919.608.861	2015	10	31	0	0	0	2015-10-31T00:00:00Z			
	WORMS:367527	Clibanarius tricolor			http://purl.obolibrary.org/obo/UBERON_0003100	female organism	http://purl.obolibrary.org/obo/RO_0002483	commensualistOf		WORMS:216687	Cerithium litteratum					GEONAMES:3532759	Arrecife Cayo Arcas	202.055.417	-919.608.861	2015	10	31	0	0	0	2015-10-31T00:00:00Z			
	WORMS:367527	Clibanarius tricolor					http://purl.obolibrary.org/obo/RO_0002484	commensualistOf		WORMS:419522	Cerithium lutosum					GEONAMES:3532759	Arrecife Cayo Arcas	202.036.111	-919.761.111	2016	1	1	0	0	0	2016-1-1T00:00:00Z			
	WORMS:366727	Pagurus marshi					http://purl.obolibrary.org/obo/RO_0002485	commensualistOf		WORMS:216687	Cerithium litteratum					GEONAMES:3532759	Arrecife Cayo Arcas	202.036.111	-919.761.111	2016	1	1	0	0	0	2016-1-1T00:00:00Z			
	WORMS:367527	Clibanarius tricolor					http://purl.obolibrary.org/obo/RO_0002486	commensualistOf		WORMS:419522	Cerithium lutosum					GEONAMES:3532759	Arrecife Cayo Arcas	202.036.111	-919.761.111	2016	1	1	0	0	0	2016-1-1T00:00:00Z			
	WORMS:367527	Clibanarius tricolor			http://purl.obolibrary.org/obo/UBERON_0003101	male organism	http://purl.obolibrary.org/obo/RO_0002487	commensualistOf		WORMS:216687	Cerithium litteratum					GEONAMES:3532759	Arrecife Cayo Arcas	202.036.111	-919.761.111	2016	1	1	0	0	0	2016-1-1T00:00:00Z			
	WORMS:367527	Clibanarius tricolor			http://purl.obolibrary.org/obo/UBERON_0003100	female organism	http://purl.obolibrary.org/obo/RO_0002488	commensualistOf		WORMS:419522	Cerithium lutosum					GEONAMES:3532759	Arrecife Cayo Arcas	202.036.111	-919.761.111	2016	1	1	0	0	0	2016-1-1T00:00:00Z			
	WORMS:367527	Clibanarius tricolor			http://purl.obolibrary.org/obo/UBERON_0003100	female organism	http://purl.obolibrary.org/obo/RO_0002489	commensualistOf		WORMS:419522	Cerithium lutosum					GEONAMES:3532759	Arrecife Cayo Arcas	202.036.111	-919.761.111	2016	1	1	0	0	0	2016-1-1T00:00:00Z			
	WORMS:367527	Clibanarius tricolor			http://purl.obolibrary.org/obo/UBERON_0003101	male organism	http://purl.obolibrary.org/obo/RO_0002490	commensualistOf		WORMS:419522	Cerithium lutosum					GEONAMES:3532759	Arrecife Cayo Arcas	202.036.111	-919.761.111	2016	1	1	0	0	0	2016-1-1T00:00:00Z			
	WORMS:367527	Clibanarius tricolor			http://purl.obolibrary.org/obo/UBERON_0003101	male organism	http://purl.obolibrary.org/obo/RO_0002491	commensualistOf		WORMS:419522	Cerithium lutosum					GEONAMES:3532759	Arrecife Cayo Arcas	202.036.111	-919.761.111	2016	1	1	0	0	0	2016-1-1T00:00:00Z			
	WORMS:367527	Clibanarius tricolor			http://purl.obolibrary.org/obo/UBERON_0003100	female organism	http://purl.obolibrary.org/obo/RO_0002492	commensualistOf		WORMS:420521	Bulla occidentalis					GEONAMES:3532759	Arrecife Cayo Arcas	202.036.111	-919.761.111	2016	1	1	0	0	0	2016-1-1T00:00:00Z			
	WORMS:367527	Clibanarius tricolor			http://purl.obolibrary.org/obo/UBERON_0003101	male organism	http://purl.obolibrary.org/obo/RO_0002493	commensualistOf		WORMS:420521	Bulla occidentalis					GEONAMES:3532759	Arrecife Cayo Arcas	202.036.111	-919.761.111	2016	1	1	0	0	0	2016-1-1T00:00:00Z			
	WORMS:367527	Clibanarius tricolor			http://purl.obolibrary.org/obo/UBERON_0003101	male organism	http://purl.obolibrary.org/obo/RO_0002494	commensualistOf		WORMS:877063	Phrontis alba					GEONAMES:3532759	Arrecife Cayo Arcas	202.036.111	-919.761.111	2016	1	1	0	0	0	2016-1-1T00:00:00Z			
	WORMS:367527	Clibanarius tricolor			http://purl.obolibrary.org/obo/UBERON_0003101	male organism	http://purl.obolibrary.org/obo/RO_0002495	commensualistOf		WORMS:877063	Phrontis alba					GEONAMES:3532759	Arrecife Cayo Arcas	202.036.111	-919.761.111	2016	1	1	0	0	0	2016-1-1T00:00:00Z			
	WORMS:367527	Clibanarius tricolor			http://purl.obolibrary.org/obo/UBERON_0003101	male organism	http://purl.obolibrary.org/obo/RO_0002496	commensualistOf		WORMS:877063	Phrontis alba					GEONAMES:3532759	Arrecife Cayo Arcas	202.036.111	-919.761.111	2016	1	1	0	0	0	2016-1-1T00:00:00Z			
	WORMS:367527	Clibanarius tricolor			http://purl.obolibrary.org/obo/UBERON_0003101	male organism	http://purl.obolibrary.org/obo/RO_0002497	commensualistOf		WORMS:877063	Phrontis alba					GEONAMES:3532759	Arrecife Cayo Arcas	202.036.111	-919.761.111	2016	1	1	0	0	0	2016-1-1T00:00:00Z			
	WORMS:367527	Clibanarius tricolor			http://purl.obolibrary.org/obo/UBERON_0003101	male organism	http://purl.obolibrary.org/obo/RO_0002498	commensualistOf		WORMS:877063	Phrontis alba					GEONAMES:3532759	Arrecife Cayo Arcas	202.036.111	-919.761.111	2016	1	1	0	0	0	2016-1-1T00:00:00Z			
	WORMS:367527	Clibanarius tricolor					http://purl.obolibrary.org/obo/RO_0002499	commensualistOf		WORMS:419569	Tectarius antonii					GEONAMES:9291830	Río Huach, Mahahual, Quitana Roo	184.197.056	-877.617.139	2016	3	1	0	0	0	2016-3-1T00:00:00Z			
	WORMS:367527	Clibanarius tricolor			http://purl.obolibrary.org/obo/UBERON_0003101	male organism	http://purl.obolibrary.org/obo/RO_0002500	commensualistOf		WORMS:419569	Tectarius antonii					GEONAMES:9291830	Río Huach, Mahahual, Quitana Roo	184.197.056	-877.617.139	2016	3	1	0	0	0	2016-3-1T00:00:00Z			
	WORMS:367527	Clibanarius tricolor			http://purl.obolibrary.org/obo/UBERON_0003101	male organism	http://purl.obolibrary.org/obo/RO_0002501	commensualistOf		WORMS:419569	Tectarius antonii					GEONAMES:9291830	Río Huach, Mahahual, Quitana Roo	184.197.056	-877.617.139	2016	3	1	0	0	0	2016-3-1T00:00:00Z			
	WORMS:367527	Clibanarius tricolor			http://purl.obolibrary.org/obo/UBERON_0003101	male organism	http://purl.obolibrary.org/obo/RO_0002502	commensualistOf		WORMS:419569	Tectarius antonii					GEONAMES:9291830	Río Huach, Mahahual, Quitana Roo	184.197.056	-877.617.139	2016	3	1	0	0	0	2016-3-1T00:00:00Z			
	WORMS:367527	Clibanarius tricolor			http://purl.obolibrary.org/obo/UBERON_0003101	male organism	http://purl.obolibrary.org/obo/RO_0002503	commensualistOf		WORMS:419569	Tectarius antonii					GEONAMES:9291830	Río Huach, Mahahual, Quitana Roo	184.197.056	-877.617.139	2016	3	1	0	0	0	2016-3-1T00:00:00Z			
	WORMS:367527	Clibanarius tricolor			http://purl.obolibrary.org/obo/UBERON_0003101	male organism	http://purl.obolibrary.org/obo/RO_0002504	commensualistOf		WORMS:419513	Puperita pupa					GEONAMES:9291830	Río Huach, Mahahual, Quitana Roo	184.197.056	-877.617.139	2016	3	1	0	0	0	2016-3-1T00:00:00Z			
	WORMS:367527	Clibanarius tricolor			http://purl.obolibrary.org/obo/UBERON_0003101	male organism	http://purl.obolibrary.org/obo/RO_0002505	commensualistOf		WORMS:419513	Puperita pupa					GEONAMES:9291830	Río Huach, Mahahual, Quitana Roo	184.197.056	-877.617.139	2016	3	1	0	0	0	2016-3-1T00:00:00Z			
	WORMS:367527	Clibanarius tricolor			http://purl.obolibrary.org/obo/UBERON_0003101	male organism	http://purl.obolibrary.org/obo/RO_0002506	commensualistOf		WORMS:419513	Puperita pupa					GEONAMES:9291830	Río Huach, Mahahual, Quitana Roo	184.197.056	-877.617.139	2016	3	1	0	0	0	2016-3-1T00:00:00Z			
	WORMS:367527	Clibanarius tricolor			http://purl.obolibrary.org/obo/UBERON_0003101	male organism	http://purl.obolibrary.org/obo/RO_0002507	commensualistOf		WORMS:419513	Puperita pupa					GEONAMES:9291830	Río Huach, Mahahual, Quitana Roo	184.197.056	-877.617.139	2016	3	1	0	0	0	2016-3-1T00:00:00Z			
	WORMS:367527	Clibanarius tricolor			http://purl.obolibrary.org/obo/UBERON_0003101	male organism	http://purl.obolibrary.org/obo/RO_0002508	commensualistOf		WORMS:419557	Cenchritis muricatus					GEONAMES:9291830	Río Huach, Mahahual, Quitana Roo	184.197.056	-877.617.139	2016	3	1	0	0	0	2016-3-1T00:00:00Z			
	WORMS:367527	Clibanarius tricolor			http://purl.obolibrary.org/obo/UBERON_0003101	male organism	http://purl.obolibrary.org/obo/RO_0002509	commensualistOf		WORMS:419558	Echinolittorina angustior					GEONAMES:9291830	Río Huach, Mahahual, Quitana Roo	184.197.056	-877.617.139	2016	3	1	0	0	0	2016-3-1T00:00:00Z			
	WORMS:367527	Clibanarius tricolor			http://purl.obolibrary.org/obo/UBERON_0003100	female organism	http://purl.obolibrary.org/obo/RO_0002510	commensualistOf		WORMS:419558	Echinolittorina angustior					GEONAMES:9291830	Río Huach, Mahahual, Quitana Roo	184.197.056	-877.617.139	2016	3	1	0	0	0	2016-3-1T00:00:00Z			
	WORMS:367527	Clibanarius tricolor			http://purl.obolibrary.org/obo/UBERON_0003101	male organism	http://purl.obolibrary.org/obo/RO_0002511	commensualistOf		WORMS:419558	Echinolittorina angustior					GEONAMES:9291830	Río Huach, Mahahual, Quitana Roo	184.197.056	-877.617.139	2016	3	1	0	0	0	2016-3-1T00:00:00Z			
	WORMS:367527	Clibanarius tricolor			http://purl.obolibrary.org/obo/UBERON_0003100	female organism	http://purl.obolibrary.org/obo/RO_0002512	commensualistOf		WORMS:419558	Echinolittorina angustior					GEONAMES:9291830	Río Huach, Mahahual, Quitana Roo	184.197.056	-877.617.139	2016	3	1	0	0	0	2016-3-1T00:00:00Z			
	WORMS:367527	Clibanarius tricolor			http://purl.obolibrary.org/obo/UBERON_0003100	female organism	http://purl.obolibrary.org/obo/RO_0002513	commensualistOf		WORMS:224584	Angiola lineata					GEONAMES:9291830	Río Huach, Mahahual, Quitana Roo	184.197.056	-877.617.139	2016	3	1	0	0	0	2016-3-1T00:00:00Z			
	WORMS:367527	Clibanarius tricolor			http://purl.obolibrary.org/obo/UBERON_0003101	male organism	http://purl.obolibrary.org/obo/RO_0002514	commensualistOf		WORMS:123386	Echinus					GEONAMES:9291830	Río Huach, Mahahual, Quitana Roo	184.197.056	-877.617.139	2016	3	1	0	0	0	2016-3-1T00:00:00Z			
	WORMS:367527	Clibanarius tricolor			http://purl.obolibrary.org/obo/UBERON_0003101	male organism	http://purl.obolibrary.org/obo/RO_0002515	commensualistOf		WORMS:123386	Echinus					GEONAMES:9291830	Río Huach, Mahahual, Quitana Roo	184.197.056	-877.617.139	2016	3	1	0	0	0	2016-3-1T00:00:00Z			
	WORMS:367527	Clibanarius tricolor			http://purl.obolibrary.org/obo/UBERON_0003101	male organism	http://purl.obolibrary.org/obo/RO_0002516	commensualistOf		WORMS:419523	Cerithium muscarum					GEONAMES:9291830	Río Huach, Mahahual, Quitana Roo	184.197.056	-877.617.139	2016	3	1	0	0	0	2016-3-1T00:00:00Z			
	WORMS:367527	Clibanarius tricolor			http://purl.obolibrary.org/obo/UBERON_0003101	male organism	http://purl.obolibrary.org/obo/RO_0002517	commensualistOf		WORMS:419523	Cerithium muscarum					GEONAMES:9291830	Río Huach, Mahahual, Quitana Roo	184.197.056	-877.617.139	2016	3	1	0	0	0	2016-3-1T00:00:00Z			
	WORMS:367457	Calcinus tibicen			http://purl.obolibrary.org/obo/UBERON_0003101	male organism	http://purl.obolibrary.org/obo/RO_0002518	commensualistOf		WORMS:101	Gastropoda					GEONAMES:9291830	Río Huach, Mahahual, Quitana Roo	184.197.056	-877.617.139	2016	3	1	0	0	0	2016-3-1T00:00:00Z			
	WORMS:367527	Clibanarius tricolor			http://purl.obolibrary.org/obo/UBERON_0003101	male organism	http://purl.obolibrary.org/obo/RO_0002519	commensualistOf		WORMS:419505	Nerita tessellata					GEONAMES:9291830	Río Huach, Mahahual, Quitana Roo	184.197.056	-877.617.139	2016	3	1	0	0	0	2016-3-1T00:00:00Z			
	WORMS:367527	Clibanarius tricolor			http://purl.obolibrary.org/obo/UBERON_0003101	male organism	http://purl.obolibrary.org/obo/RO_0002520	commensualistOf		WORMS:419505	Nerita tessellata					GEONAMES:9291830	Río Huach, Mahahual, Quitana Roo	184.197.056	-877.617.139	2016	3	1	0	0	0	2016-3-1T00:00:00Z			
	WORMS:367527	Clibanarius tricolor			http://purl.obolibrary.org/obo/UBERON_0003101	male organism	http://purl.obolibrary.org/obo/RO_0002521	commensualistOf		WORMS:419505	Nerita tessellata					GEONAMES:9291830	Río Huach, Mahahual, Quitana Roo	184.197.056	-877.617.139	2016	3	1	0	0	0	2016-3-1T00:00:00Z			
	WORMS:367527	Clibanarius tricolor			http://purl.obolibrary.org/obo/UBERON_0003101	male organism	http://purl.obolibrary.org/obo/RO_0002522	commensualistOf		WORMS:419505	Nerita tessellata					GEONAMES:9291830	Río Huach, Mahahual, Quitana Roo	184.197.056	-877.617.139	2016	3	1	0	0	0	2016-3-1T00:00:00Z			
	WORMS:367527	Clibanarius tricolor			http://purl.obolibrary.org/obo/UBERON_0003100	female organism	http://purl.obolibrary.org/obo/RO_0002523	commensualistOf		WORMS:419505	Nerita tessellata					GEONAMES:9291830	Río Huach, Mahahual, Quitana Roo	184.197.056	-877.617.139	2016	3	1	0	0	0	2016-3-1T00:00:00Z			
	WORMS:367527	Clibanarius tricolor			http://purl.obolibrary.org/obo/UBERON_0003101	male organism	http://purl.obolibrary.org/obo/RO_0002524	commensualistOf		WORMS:419505	Nerita tessellata					GEONAMES:9291830	Río Huach, Mahahual, Quitana Roo	184.197.056	-877.617.139	2016	3	1	0	0	0	2016-3-1T00:00:00Z			
	WORMS:367527	Clibanarius tricolor			http://purl.obolibrary.org/obo/UBERON_0003101	male organism	http://purl.obolibrary.org/obo/RO_0002525	commensualistOf		WORMS:419505	Nerita tessellata					GEONAMES:9291830	Río Huach, Mahahual, Quitana Roo	184.197.056	-877.617.139	2016	3	1	0	0	0	2016-3-1T00:00:00Z			
	WORMS:367527	Clibanarius tricolor			http://purl.obolibrary.org/obo/UBERON_0003101	male organism	http://purl.obolibrary.org/obo/RO_0002526	commensualistOf		WORMS:419505	Nerita tessellata					GEONAMES:9291830	Río Huach, Mahahual, Quitana Roo	184.197.056	-877.617.139	2016	3	1	0	0	0	2016-3-1T00:00:00Z			
	WORMS:367527	Clibanarius tricolor			http://purl.obolibrary.org/obo/UBERON_0003101	male organism	http://purl.obolibrary.org/obo/RO_0002527	commensualistOf		WORMS:419505	Nerita tessellata					GEONAMES:9291830	Río Huach, Mahahual, Quitana Roo	184.197.056	-877.617.139	2016	3	1	0	0	0	2016-3-1T00:00:00Z			
	WORMS:367527	Clibanarius tricolor			http://purl.obolibrary.org/obo/UBERON_0003101	male organism	http://purl.obolibrary.org/obo/RO_0002528	commensualistOf		WORMS:419505	Nerita tessellata					GEONAMES:9291830	Río Huach, Mahahual, Quitana Roo	184.197.056	-877.617.139	2016	3	1	0	0	0	2016-3-1T00:00:00Z			
	WORMS:367527	Clibanarius tricolor			http://purl.obolibrary.org/obo/UBERON_0003101	male organism	http://purl.obolibrary.org/obo/RO_0002529	commensualistOf		WORMS:419505	Nerita tessellata					GEONAMES:9291830	Río Huach, Mahahual, Quitana Roo	184.197.056	-877.617.139	2016	3	1	0	0	0	2016-3-1T00:00:00Z			
	WORMS:367527	Clibanarius tricolor			http://purl.obolibrary.org/obo/UBERON_0003101	male organism	http://purl.obolibrary.org/obo/RO_0002530	commensualistOf		WORMS:419505	Nerita tessellata					GEONAMES:9291830	Río Huach, Mahahual, Quitana Roo	184.197.056	-877.617.139	2016	3	1	0	0	0	2016-3-1T00:00:00Z			
	WORMS:367527	Clibanarius tricolor			http://purl.obolibrary.org/obo/UBERON_0003101	male organism	http://purl.obolibrary.org/obo/RO_0002531	commensualistOf		WORMS:419505	Nerita tessellata					GEONAMES:9291830	Río Huach, Mahahual, Quitana Roo	184.197.056	-877.617.139	2016	3	1	0	0	0	2016-3-1T00:00:00Z			
	WORMS:367527	Clibanarius tricolor			http://purl.obolibrary.org/obo/UBERON_0003101	male organism	http://purl.obolibrary.org/obo/RO_0002532	commensualistOf		WORMS:419505	Nerita tessellata					GEONAMES:9291830	Río Huach, Mahahual, Quitana Roo	184.197.056	-877.617.139	2016	3	1	0	0	0	2016-3-1T00:00:00Z			
	WORMS:367527	Clibanarius tricolor			http://purl.obolibrary.org/obo/UBERON_0003101	male organism	http://purl.obolibrary.org/obo/RO_0002533	commensualistOf		WORMS:419505	Nerita tessellata					GEONAMES:9291830	Río Huach, Mahahual, Quitana Roo	184.197.056	-877.617.139	2016	3	1	0	0	0	2016-3-1T00:00:00Z			
	WORMS:367527	Clibanarius tricolor			http://purl.obolibrary.org/obo/UBERON_0003101	male organism	http://purl.obolibrary.org/obo/RO_0002534	commensualistOf		WORMS:419505	Nerita tessellata					GEONAMES:9291830	Río Huach, Mahahual, Quitana Roo	184.197.056	-877.617.139	2016	3	1	0	0	0	2016-3-1T00:00:00Z			
	WORMS:367527	Clibanarius tricolor			http://purl.obolibrary.org/obo/UBERON_0003101	male organism	http://purl.obolibrary.org/obo/RO_0002535	commensualistOf		WORMS:419505	Nerita tessellata					GEONAMES:9291830	Río Huach, Mahahual, Quitana Roo	184.197.056	-877.617.139	2016	3	1	0	0	0	2016-3-1T00:00:00Z			
	WORMS:368306	Paguristes wassi			http://purl.obolibrary.org/obo/UBERON_0003101	male organism	http://purl.obolibrary.org/obo/RO_0002536	commensualistOf		WORMS:216687	Cerithium litteratum					GEONAMES:3532759	Arrecife Cayo Arcas	202.036.111	-919.605.278	2016	4	21	0	0	0	2016-4-21T00:00:00Z			
	WORMS:367527	Clibanarius tricolor			http://purl.obolibrary.org/obo/UBERON_0003101	male organism	http://purl.obolibrary.org/obo/RO_0002537	commensualistOf		WORMS:877063	Phrontis alba					GEONAMES:3532759	Arrecife Cayo Arcas	202.018.583	-919.758.556	2016	4	25	0	0	0	2016-4-25T00:00:00Z			
	WORMS:367527	Clibanarius tricolor			http://purl.obolibrary.org/obo/UBERON_0003101	male organism	http://purl.obolibrary.org/obo/RO_0002538	commensualistOf		WORMS:420521	Bulla occidentalis					GEONAMES:3532759	Arrecife Cayo Arcas	202.018.583	-919.758.556	2016	4	25	0	0	0	2016-4-25T00:00:00Z			
	WORMS:367527	Clibanarius tricolor			http://purl.obolibrary.org/obo/UBERON_0003101	male organism	http://purl.obolibrary.org/obo/RO_0002539	commensualistOf		WORMS:419529	Modulus modulus					GEONAMES:3532759	Arrecife Cayo Arcas	202.018.583	-919.758.556	2016	4	25	0	0	0	2016-4-25T00:00:00Z			
	WORMS:367527	Clibanarius tricolor			http://purl.obolibrary.org/obo/UBERON_0003100	female organism	http://purl.obolibrary.org/obo/RO_0002540	commensualistOf		WORMS:419522	Cerithium lutosum					GEONAMES:3532759	Arrecife Cayo Arcas	202.018.583	-919.758.556	2016	4	25	0	0	0	2016-4-25T00:00:00Z			
	WORMS:367527	Clibanarius tricolor			http://purl.obolibrary.org/obo/UBERON_0003101	male organism	http://purl.obolibrary.org/obo/RO_0002541	commensualistOf		WORMS:419522	Cerithium lutosum					GEONAMES:3532759	Arrecife Cayo Arcas	202.018.583	-919.758.556	2016	4	25	0	0	0	2016-4-25T00:00:00Z			
	WORMS:367527	Clibanarius tricolor			http://purl.obolibrary.org/obo/UBERON_0003101	male organism	http://purl.obolibrary.org/obo/RO_0002542	commensualistOf		WORMS:419522	Cerithium lutosum					GEONAMES:3532759	Arrecife Cayo Arcas	202.018.583	-919.758.556	2016	4	25	0	0	0	2016-4-25T00:00:00Z			
	WORMS:367527	Clibanarius tricolor			http://purl.obolibrary.org/obo/UBERON_0003101	male organism	http://purl.obolibrary.org/obo/RO_0002543	commensualistOf		WORMS:419522	Cerithium lutosum					GEONAMES:3532759	Arrecife Cayo Arcas	202.018.583	-919.758.556	2016	4	25	0	0	0	2016-4-25T00:00:00Z			
	WORMS:367527	Clibanarius tricolor			http://purl.obolibrary.org/obo/UBERON_0003101	male organism	http://purl.obolibrary.org/obo/RO_0002544	commensualistOf		WORMS:419522	Cerithium lutosum					GEONAMES:3532759	Arrecife Cayo Arcas	202.018.583	-919.758.556	2016	4	25	0	0	0	2016-4-25T00:00:00Z			
	WORMS:367527	Clibanarius tricolor			http://purl.obolibrary.org/obo/UBERON_0003100	female organism	http://purl.obolibrary.org/obo/RO_0002545	commensualistOf		WORMS:419522	Cerithium lutosum					GEONAMES:3532759	Arrecife Cayo Arcas	202.115.556	-919.756.944	2016	4	24	0	0	0	2016-4-24T00:00:00Z			
	WORMS:367527	Clibanarius tricolor			http://purl.obolibrary.org/obo/UBERON_0003100	female organism	http://purl.obolibrary.org/obo/RO_0002546	commensualistOf		WORMS:137760	Cerithium					GEONAMES:3532759	Arrecife Cayo Arcas	202.115.556	-919.756.944	2016	4	24	0	0	0	2016-4-24T00:00:00Z			
	WORMS:367527	Clibanarius tricolor			http://purl.obolibrary.org/obo/UBERON_0003101	male organism	http://purl.obolibrary.org/obo/RO_0002547	commensualistOf		WORMS:137760	Cerithium					GEONAMES:3532759	Arrecife Cayo Arcas	202.115.556	-919.756.944	2016	4	24	0	0	0	2016-4-24T00:00:00Z			
	WORMS:367492	Clibanarius antillensis			http://purl.obolibrary.org/obo/UBERON_0003101	male organism	http://purl.obolibrary.org/obo/RO_0002548	commensualistOf		WORMS:224584	Angiola lineata					GEONAMES:3532759	Arrecife Cayo Arcas	202.036.111	-919.605.278	2016	4	21	0	0	0	2016-4-21T00:00:00Z			
	WORMS:367457	Calcinus tibicen			http://purl.obolibrary.org/obo/UBERON_0003100	female organism	http://purl.obolibrary.org/obo/RO_0002549	commensualistOf		WORMS:216687	Cerithium litteratum					GEONAMES:3533115	Arrecife Alacranes	223.682.222	-896.735.833	2016	5	23	0	0	0	2016-5-23T00:00:00Z			
	WORMS:367457	Calcinus tibicen			http://purl.obolibrary.org/obo/UBERON_0003101	male organism	http://purl.obolibrary.org/obo/RO_0002550	commensualistOf		WORMS:216687	Cerithium litteratum					GEONAMES:3533115	Arrecife Alacranes	223.682.222	-896.735.833	2016	5	23	0	0	0	2016-5-23T00:00:00Z			
	WORMS:367527	Clibanarius tricolor			http://purl.obolibrary.org/obo/UBERON_0003100	female organism	http://purl.obolibrary.org/obo/RO_0002551	commensualistOf		WORMS:216687	Cerithium litteratum					GEONAMES:3533115	Arrecife Alacranes	223.682.222	-896.735.833	2016	5	23	0	0	0	2016-5-23T00:00:00Z			
	WORMS:367457	Calcinus tibicen			http://purl.obolibrary.org/obo/UBERON_0003101	male organism	http://purl.obolibrary.org/obo/RO_0002552	commensualistOf		WORMS:419521	Cerithium eburneum					GEONAMES:3533115	Arrecife Alacranes	223.682.222	-896.735.833	2016	5	23	0	0	0	2016-5-23T00:00:00Z			
	WORMS:367457	Calcinus tibicen					http://purl.obolibrary.org/obo/RO_0002553	commensualistOf		WORMS:419521	Cerithium eburneum					GEONAMES:3533115	Arrecife Alacranes	223.682.222	-896.735.833	2016	5	23	0	0	0	2016-5-23T00:00:00Z			
	WORMS:368299	Paguristes tortugae			http://purl.obolibrary.org/obo/UBERON_0003100	female organism	http://purl.obolibrary.org/obo/RO_0002554	commensualistOf		WORMS:413407	Lithopoma americanum					GEONAMES:3533115	Arrecife Alacranes	223.920.833	-896.678.056	2016	5	24	0	0	0	2016-5-24T00:00:00Z			
	WORMS:368299	Paguristes tortugae			http://purl.obolibrary.org/obo/UBERON_0003101	male organism	http://purl.obolibrary.org/obo/RO_0002555	commensualistOf		WORMS:137760	Cerithium					GEONAMES:3533115	Arrecife Alacranes	223.973.333	-896.776.667	2016	5	21	0	0	0	2016-5-21T00:00:00Z			
	WORMS:368215	Paguristes cadenati			http://purl.obolibrary.org/obo/UBERON_0003101	male organism	http://purl.obolibrary.org/obo/RO_0002556	commensualistOf		WORMS:419521	Cerithium eburneum					GEONAMES:3533115	Arrecife Alacranes	224.175.278	-897.398.056	2016	5	22	0	0	0	2016-5-22T00:00:00Z			
	WORMS:367492	Clibanarius antillensis			http://purl.obolibrary.org/obo/UBERON_0003100	female organism	http://purl.obolibrary.org/obo/RO_0002557	commensualistOf		WORMS:419522	Cerithium lutosum					GEONAMES:3533115	Arrecife Alacranes	223.820.722	-896.828.278	2016	5	21	0	0	0	2016-5-21T00:00:00Z			
	WORMS:367492	Clibanarius antillensis			http://purl.obolibrary.org/obo/UBERON_0003100	female organism	http://purl.obolibrary.org/obo/RO_0002558	commensualistOf		WORMS:419522	Cerithium lutosum					GEONAMES:3533115	Arrecife Alacranes	223.820.722	-896.828.278	2016	5	21	0	0	0	2016-5-21T00:00:00Z			
	WORMS:367492	Clibanarius antillensis			http://purl.obolibrary.org/obo/UBERON_0003100	female organism	http://purl.obolibrary.org/obo/RO_0002559	commensualistOf		WORMS:101	Gastropoda					GEONAMES:3533115	Arrecife Alacranes	223.820.722	-896.828.278	2016	5	21	0	0	0	2016-5-21T00:00:00Z			
	WORMS:367492	Clibanarius antillensis			http://purl.obolibrary.org/obo/UBERON_0003101	male organism	http://purl.obolibrary.org/obo/RO_0002560	commensualistOf		WORMS:419522	Cerithium lutosum					GEONAMES:3533115	Arrecife Alacranes	223.820.722	-896.828.278	2016	5	21	0	0	0	2016-5-21T00:00:00Z			
	WORMS:367492	Clibanarius antillensis			http://purl.obolibrary.org/obo/UBERON_0003100	female organism	http://purl.obolibrary.org/obo/RO_0002561	commensualistOf		WORMS:224584	Angiola lineata					GEONAMES:3533115	Arrecife Alacranes	223.820.722	-896.828.278	2016	5	21	0	0	0	2016-5-21T00:00:00Z			
	WORMS:367527	Clibanarius tricolor			http://purl.obolibrary.org/obo/UBERON_0003101	male organism	http://purl.obolibrary.org/obo/RO_0002562	commensualistOf		WORMS:216687	Cerithium litteratum					GEONAMES:3533115	Arrecife Alacranes	224.175.278	-897.406.146	2016	5	22	0	0	0	2016-5-22T00:00:00Z			
	WORMS:367527	Clibanarius tricolor			http://purl.obolibrary.org/obo/UBERON_0003101	male organism	http://purl.obolibrary.org/obo/RO_0002563	commensualistOf		WORMS:216687	Cerithium litteratum					GEONAMES:3533115	Arrecife Alacranes	224.175.278	-897.406.146	2016	5	22	0	0	0	2016-5-22T00:00:00Z			
	WORMS:367527	Clibanarius tricolor			http://purl.obolibrary.org/obo/UBERON_0003100	female organism	http://purl.obolibrary.org/obo/RO_0002564	commensualistOf		WORMS:419521	Cerithium eburneum					GEONAMES:3533115	Arrecife Alacranes	224.175.278	-897.406.146	2016	5	22	0	0	0	2016-5-22T00:00:00Z			
	WORMS:367527	Clibanarius tricolor			http://purl.obolibrary.org/obo/UBERON_0003100	female organism	http://purl.obolibrary.org/obo/RO_0002565	commensualistOf		WORMS:419521	Cerithium eburneum					GEONAMES:3533115	Arrecife Alacranes	224.175.278	-897.406.146	2016	5	22	0	0	0	2016-5-22T00:00:00Z			
	WORMS:367527	Clibanarius tricolor			http://purl.obolibrary.org/obo/UBERON_0003100	female organism	http://purl.obolibrary.org/obo/RO_0002566	commensualistOf		WORMS:419521	Cerithium eburneum					GEONAMES:3533115	Arrecife Alacranes	224.175.278	-897.406.146	2016	5	22	0	0	0	2016-5-22T00:00:00Z			
	WORMS:367527	Clibanarius tricolor			http://purl.obolibrary.org/obo/UBERON_0003100	female organism	http://purl.obolibrary.org/obo/RO_0002567	commensualistOf		WORMS:137760	Cerithium					GEONAMES:3533115	Arrecife Alacranes	224.175.278	-897.406.146	2016	5	22	0	0	0	2016-5-22T00:00:00Z			
	WORMS:367527	Clibanarius tricolor			http://purl.obolibrary.org/obo/UBERON_0003100	female organism	http://purl.obolibrary.org/obo/RO_0002568	commensualistOf		WORMS:419521	Cerithium eburneum					GEONAMES:3533115	Arrecife Alacranes	224.175.278	-897.406.146	2016	5	22	0	0	0	2016-5-22T00:00:00Z			
	WORMS:367527	Clibanarius tricolor			http://purl.obolibrary.org/obo/UBERON_0003100	female organism	http://purl.obolibrary.org/obo/RO_0002569	commensualistOf		WORMS:419521	Cerithium eburneum					GEONAMES:3533115	Arrecife Alacranes	224.175.278	-897.406.146	2016	5	22	0	0	0	2016-5-22T00:00:00Z			
	WORMS:367527	Clibanarius tricolor			http://purl.obolibrary.org/obo/UBERON_0003100	female organism	http://purl.obolibrary.org/obo/RO_0002570	commensualistOf		WORMS:419521	Cerithium eburneum					GEONAMES:3533115	Arrecife Alacranes	224.175.278	-897.406.146	2016	5	22	0	0	0	2016-5-22T00:00:00Z			
	WORMS:367527	Clibanarius tricolor			http://purl.obolibrary.org/obo/UBERON_0003101	male organism	http://purl.obolibrary.org/obo/RO_0002571	commensualistOf		WORMS:419521	Cerithium eburneum					GEONAMES:3533115	Arrecife Alacranes	224.175.278	-897.406.146	2016	5	22	0	0	0	2016-5-22T00:00:00Z			
	WORMS:367527	Clibanarius tricolor			http://purl.obolibrary.org/obo/UBERON_0003101	male organism	http://purl.obolibrary.org/obo/RO_0002572	commensualistOf		WORMS:419521	Cerithium eburneum					GEONAMES:3533115	Arrecife Alacranes	224.175.278	-897.406.146	2016	5	22	0	0	0	2016-5-22T00:00:00Z			
	WORMS:367527	Clibanarius tricolor			http://purl.obolibrary.org/obo/UBERON_0003101	male organism	http://purl.obolibrary.org/obo/RO_0002573	commensualistOf		WORMS:419521	Cerithium eburneum					GEONAMES:3533115	Arrecife Alacranes	224.175.278	-897.406.146	2016	5	22	0	0	0	2016-5-22T00:00:00Z			
	WORMS:367527	Clibanarius tricolor			http://purl.obolibrary.org/obo/UBERON_0003100	female organism	http://purl.obolibrary.org/obo/RO_0002574	commensualistOf		WORMS:419521	Cerithium eburneum					GEONAMES:3533115	Arrecife Alacranes	224.175.278	-897.406.146	2016	5	22	0	0	0	2016-5-22T00:00:00Z			
	WORMS:367527	Clibanarius tricolor			http://purl.obolibrary.org/obo/UBERON_0003101	male organism	http://purl.obolibrary.org/obo/RO_0002575	commensualistOf		WORMS:419521	Cerithium eburneum					GEONAMES:3533115	Arrecife Alacranes	224.175.278	-897.406.146	2016	5	22	0	0	0	2016-5-22T00:00:00Z			
	WORMS:367527	Clibanarius tricolor			http://purl.obolibrary.org/obo/UBERON_0003100	female organism	http://purl.obolibrary.org/obo/RO_0002576	commensualistOf		WORMS:419521	Cerithium eburneum					GEONAMES:3533115	Arrecife Alacranes	224.175.278	-897.406.146	2016	5	22	0	0	0	2016-5-22T00:00:00Z			
	WORMS:367527	Clibanarius tricolor			http://purl.obolibrary.org/obo/UBERON_0003101	male organism	http://purl.obolibrary.org/obo/RO_0002577	commensualistOf		WORMS:216687	Cerithium litteratum					GEONAMES:3533115	Arrecife Alacranes	224.175.278	-897.406.146	2016	5	22	0	0	0	2016-5-22T00:00:00Z			
	WORMS:367527	Clibanarius tricolor			http://purl.obolibrary.org/obo/UBERON_0003100	female organism	http://purl.obolibrary.org/obo/RO_0002578	commensualistOf		WORMS:216687	Cerithium litteratum					GEONAMES:3533115	Arrecife Alacranes	224.175.278	-897.406.146	2016	5	22	0	0	0	2016-5-22T00:00:00Z			
	WORMS:367527	Clibanarius tricolor			http://purl.obolibrary.org/obo/UBERON_0003100	female organism	http://purl.obolibrary.org/obo/RO_0002579	commensualistOf		WORMS:216687	Cerithium litteratum					GEONAMES:3533115	Arrecife Alacranes	224.175.278	-897.406.146	2016	5	22	0	0	0	2016-5-22T00:00:00Z			
	WORMS:367527	Clibanarius tricolor			http://purl.obolibrary.org/obo/UBERON_0003101	male organism	http://purl.obolibrary.org/obo/RO_0002580	commensualistOf		WORMS:419521	Cerithium eburneum					GEONAMES:3533115	Arrecife Alacranes	224.175.278	-897.406.146	2016	5	22	0	0	0	2016-5-22T00:00:00Z			
	WORMS:367457	Calcinus tibicen			http://purl.obolibrary.org/obo/UBERON_0003100	female organism	http://purl.obolibrary.org/obo/RO_0002581	commensualistOf		WORMS:216687	Cerithium litteratum					GEONAMES:3533115	Arrecife Alacranes	223.818.889	-896.950.833	2016	5	17	0	0	0	2016-5-17T00:00:00Z			
	WORMS:367457	Calcinus tibicen			http://purl.obolibrary.org/obo/UBERON_0003100	female organism	http://purl.obolibrary.org/obo/RO_0002582	commensualistOf		WORMS:216687	Cerithium litteratum					GEONAMES:3533115	Arrecife Alacranes	223.818.889	-896.950.833	2016	5	17	0	0	0	2016-5-17T00:00:00Z			
	WORMS:367457	Calcinus tibicen			http://purl.obolibrary.org/obo/UBERON_0003101	male organism	http://purl.obolibrary.org/obo/RO_0002583	commensualistOf		WORMS:216687	Cerithium litteratum					GEONAMES:3533115	Arrecife Alacranes	223.818.889	-896.950.833	2016	5	17	0	0	0	2016-5-17T00:00:00Z			
	WORMS:368215	Paguristes cadenati			http://purl.obolibrary.org/obo/UBERON_0007021	sexually immature organism	http://purl.obolibrary.org/obo/RO_0002584	commensualistOf		WORMS:216687	Cerithium litteratum					GEONAMES:3533115	Arrecife Alacranes	223.821.667	-896.952.778	2016	5	19	0	0	0	2016-5-19T00:00:00Z			
	WORMS:368306	Paguristes wassi			http://purl.obolibrary.org/obo/UBERON_0003101	male organism	http://purl.obolibrary.org/obo/RO_0002585	commensualistOf		WORMS:419521	Cerithium eburneum					GEONAMES:3533115	Arrecife Alacranes	223.821.667	-896.952.778	2016	5	19	0	0	0	2016-5-19T00:00:00Z			
	WORMS:368306	Paguristes wassi			http://purl.obolibrary.org/obo/UBERON_0003101	male organism	http://purl.obolibrary.org/obo/RO_0002586	commensualistOf		WORMS:419521	Cerithium eburneum					GEONAMES:3533115	Arrecife Alacranes	223.821.667	-896.952.778	2016	5	19	0	0	0	2016-5-19T00:00:00Z			
	WORMS:368306	Paguristes wassi					http://purl.obolibrary.org/obo/RO_0002587	commensualistOf		WORMS:419521	Cerithium eburneum					GEONAMES:3533115	Arrecife Alacranes	223.821.667	-896.952.778	2016	5	19	0	0	0	2016-5-19T00:00:00Z			
	WORMS:367457	Calcinus tibicen			http://purl.obolibrary.org/obo/UBERON_0003101	male organism	http://purl.obolibrary.org/obo/RO_0002588	commensualistOf		WORMS:216687	Cerithium litteratum					GEONAMES:3715361	Arrecife Cayo Nuevo	218.277.667	-921.101	2016	6	15	0	0	0	2016-6-15T00:00:00Z			
	WORMS:367457	Calcinus tibicen			http://purl.obolibrary.org/obo/UBERON_0003101	male organism	http://purl.obolibrary.org/obo/RO_0002589	commensualistOf		WORMS:216687	Cerithium litteratum					GEONAMES:3715361	Arrecife Cayo Nuevo	218.277.667	-921.101	2016	6	15	0	0	0	2016-6-15T00:00:00Z			
	WORMS:366662	Pagurus brevidactylus			http://purl.obolibrary.org/obo/UBERON_0003100	female organism	http://purl.obolibrary.org/obo/RO_0002590	commensualistOf		WORMS:419521	Cerithium eburneum					GEONAMES:3715361	Arrecife Cayo Nuevo	218.277.667	-921.113.625	2016	6	18	0	0	0	2016-6-18T00:00:00Z			
	WORMS:366662	Pagurus brevidactylus			http://purl.obolibrary.org/obo/UBERON_0003100	female organism	http://purl.obolibrary.org/obo/RO_0002591	commensualistOf		WORMS:216687	Cerithium litteratum					GEONAMES:3533115	Arrecife Alacranes	225.788.056	-897.636.111	2016	6	25	0	0	0	2016-6-25T00:00:00Z			
	WORMS:366662	Pagurus brevidactylus			http://purl.obolibrary.org/obo/UBERON_0007021	sexually immature organism	http://purl.obolibrary.org/obo/RO_0002592	commensualistOf		WORMS:137760	Cerithium					GEONAMES:3715361	Arrecife Cayo Nuevo	218.277.667	-921.101	2016	6	18	0	0	0	2016-6-18T00:00:00Z			
	WORMS:366800	Pagurus stimpsoni			http://purl.obolibrary.org/obo/UBERON_0003101	male organism	http://purl.obolibrary.org/obo/RO_0002593	commensualistOf		WORMS:419521	Cerithium eburneum					GEONAMES:3533115	Arrecife Alacranes	224.771.389	-897.704.167	2016	6	22	0	0	0	2016-6-22T00:00:00Z			
	WORMS:366753	Pagurus provenzanoi			http://purl.obolibrary.org/obo/UBERON_0003101	male organism	http://purl.obolibrary.org/obo/RO_0002594	commensualistOf		WORMS:101	Gastropoda					GEONAMES:3715361	Arrecife Cayo Nuevo	218.296.667	-9.207.525	2016	6	18	0	0	0	2016-6-18T00:00:00Z			
	WORMS:367457	Calcinus tibicen			http://purl.obolibrary.org/obo/UBERON_0003101	male organism	http://purl.obolibrary.org/obo/RO_0002595	commensualistOf		WORMS:419521	Cerithium eburneum					GEONAMES:3533115	Arrecife Alacranes	225.764.167	-897.149.444	2016	6	24	0	0	0	2016-6-24T00:00:00Z			
	WORMS:368306	Paguristes wassi			http://purl.obolibrary.org/obo/UBERON_0003100	female organism	http://purl.obolibrary.org/obo/RO_0002596	commensualistOf		WORMS:101	Gastropoda					GEONAMES:3533115	Arrecife Alacranes	225.727.778	-897.004.444	2016	6	24	0	0	0	2016-6-24T00:00:00Z			
	WORMS:367457	Calcinus tibicen			http://purl.obolibrary.org/obo/UBERON_0003101	male organism	http://purl.obolibrary.org/obo/RO_0002597	commensualistOf		WORMS:101	Gastropoda					GEONAMES:3715361	Arrecife Cayo Nuevo	218.277.667	-921.101	2016	6	18	0	0	0	2016-6-18T00:00:00Z			
	WORMS:366727	Pagurus marshi			http://purl.obolibrary.org/obo/UBERON_0003100	female organism	http://purl.obolibrary.org/obo/RO_0002598	commensualistOf		WORMS:419521	Cerithium eburneum					GEONAMES:3533115	Arrecife Alacranes	223.823.056	-896.825.556	2016	5	20	0	0	0	2016-5-20T00:00:00Z			
	WORMS:368299	Paguristes tortugae			http://purl.obolibrary.org/obo/UBERON_0003100	female organism	http://purl.obolibrary.org/obo/RO_0002599	commensualistOf		WORMS:419521	Cerithium eburneum					GEONAMES:3533115	Arrecife Alacranes	223.823.056	-896.825.556	2016	5	20	0	0	0	2016-5-20T00:00:00Z			
	WORMS:367527	Clibanarius tricolor			http://purl.obolibrary.org/obo/UBERON_0003100	female organism	http://purl.obolibrary.org/obo/RO_0002600	commensualistOf		WORMS:216687	Cerithium litteratum					GEONAMES:3532741	Arrecife Cayo Arenas	221.035.389	-913.947.278	2015	3	19	0	0	0	2015-3-19T00:00:00Z			
	WORMS:367527	Clibanarius tricolor			http://purl.obolibrary.org/obo/UBERON_0003100	female organism	http://purl.obolibrary.org/obo/RO_0002601	commensualistOf		WORMS:216687	Cerithium litteratum					GEONAMES:3532741	Arrecife Cayo Arenas	221.035.389	-913.947.278	2015	3	19	0	0	0	2015-3-19T00:00:00Z			
	WORMS:367527	Clibanarius tricolor			http://purl.obolibrary.org/obo/UBERON_0003100	female organism	http://purl.obolibrary.org/obo/RO_0002602	commensualistOf		WORMS:216687	Cerithium litteratum					GEONAMES:3532741	Arrecife Cayo Arenas	221.035.389	-913.947.278	2015	3	19	0	0	0	2015-3-19T00:00:00Z			
	WORMS:367527	Clibanarius tricolor			http://purl.obolibrary.org/obo/UBERON_0003100	female organism	http://purl.obolibrary.org/obo/RO_0002603	commensualistOf		WORMS:216687	Cerithium litteratum					GEONAMES:3532741	Arrecife Cayo Arenas	221.035.389	-913.947.278	2015	3	19	0	0	0	2015-3-19T00:00:00Z			
	WORMS:367527	Clibanarius tricolor			http://purl.obolibrary.org/obo/UBERON_0003100	female organism	http://purl.obolibrary.org/obo/RO_0002604	commensualistOf		WORMS:216687	Cerithium litteratum					GEONAMES:3532741	Arrecife Cayo Arenas	221.035.389	-913.947.278	2015	3	19	0	0	0	2015-3-19T00:00:00Z			
	WORMS:367527	Clibanarius tricolor			http://purl.obolibrary.org/obo/UBERON_0003100	female organism	http://purl.obolibrary.org/obo/RO_0002605	commensualistOf		WORMS:216687	Cerithium litteratum					GEONAMES:3532741	Arrecife Cayo Arenas	221.035.389	-913.947.278	2015	3	19	0	0	0	2015-3-19T00:00:00Z			
	WORMS:367527	Clibanarius tricolor			http://purl.obolibrary.org/obo/UBERON_0003100	female organism	http://purl.obolibrary.org/obo/RO_0002606	commensualistOf		WORMS:216687	Cerithium litteratum					GEONAMES:3532741	Arrecife Cayo Arenas	221.035.389	-913.947.278	2015	3	19	0	0	0	2015-3-19T00:00:00Z			
	WORMS:367527	Clibanarius tricolor			http://purl.obolibrary.org/obo/UBERON_0003100	female organism	http://purl.obolibrary.org/obo/RO_0002607	commensualistOf		WORMS:216687	Cerithium litteratum					GEONAMES:3532741	Arrecife Cayo Arenas	221.035.389	-913.947.278	2015	3	19	0	0	0	2015-3-19T00:00:00Z			
	WORMS:367457	Calcinus tibicen			http://purl.obolibrary.org/obo/UBERON_0003100	female organism	http://purl.obolibrary.org/obo/RO_0002608	commensualistOf		WORMS:413407	Lithopoma americanum					GEONAMES:3532741	Arrecife Cayo Arenas	221.035.389	-913.947.278	2015	3	19	0	0	0	2015-3-19T00:00:00Z			
	WORMS:367457	Calcinus tibicen			http://purl.obolibrary.org/obo/UBERON_0003101	male organism	http://purl.obolibrary.org/obo/RO_0002609	commensualistOf		WORMS:101	Gastropoda					GEONAMES:3532741	Arrecife Cayo Arenas	221.035.389	-913.947.278	2015	3	19	0	0	0	2015-3-19T00:00:00Z			
	WORMS:367457	Calcinus tibicen			http://purl.obolibrary.org/obo/UBERON_0003101	male organism	http://purl.obolibrary.org/obo/RO_0002610	commensualistOf		WORMS:419978	Pisania pusio					GEONAMES:3532741	Arrecife Cayo Arenas	221.035.389	-913.947.278	2015	3	19	0	0	0	2015-3-19T00:00:00Z			
	WORMS:367457	Calcinus tibicen			http://purl.obolibrary.org/obo/UBERON_0003100	female organism	http://purl.obolibrary.org/obo/RO_0002611	commensualistOf		WORMS:101	Gastropoda					GEONAMES:3532741	Arrecife Cayo Arenas	221.035.389	-913.947.278	2015	3	19	0	0	0	2015-3-19T00:00:00Z			
	WORMS:367457	Calcinus tibicen			http://purl.obolibrary.org/obo/UBERON_0003101	male organism	http://purl.obolibrary.org/obo/RO_0002612	commensualistOf		WORMS:224729	Persicula persicula					GEONAMES:3532741	Arrecife Cayo Arenas	221.035.389	-913.947.278	2015	3	19	0	0	0	2015-3-19T00:00:00Z			
	WORMS:367527	Clibanarius tricolor			http://purl.obolibrary.org/obo/UBERON_0007021	sexually immature organism	http://purl.obolibrary.org/obo/RO_0002613	commensualistOf		WORMS:877063	Phrontis alba					GEONAMES:3532741	Arrecife Cayo Arenas	221.035.389	-913.947.278	2015	3	19	0	0	0	2015-3-19T00:00:00Z			
	WORMS:367527	Clibanarius tricolor			http://purl.obolibrary.org/obo/UBERON_0007021	sexually immature organism	http://purl.obolibrary.org/obo/RO_0002614	commensualistOf		WORMS:877063	Phrontis alba					GEONAMES:3532741	Arrecife Cayo Arenas	221.035.389	-913.947.278	2015	3	19	0	0	0	2015-3-19T00:00:00Z			
	WORMS:367527	Clibanarius tricolor			http://purl.obolibrary.org/obo/UBERON_0003101	male organism	http://purl.obolibrary.org/obo/RO_0002615	commensualistOf		WORMS:137760	Cerithium					GEONAMES:3532741	Arrecife Cayo Arenas	221.035.389	-913.947.278	2015	3	19	0	0	0	2015-3-19T00:00:00Z			
	WORMS:367527	Clibanarius tricolor			http://purl.obolibrary.org/obo/UBERON_0007021	sexually immature organism	http://purl.obolibrary.org/obo/RO_0002616	commensualistOf		WORMS:234108	Engina turbinella					GEONAMES:3532741	Arrecife Cayo Arenas	221.035.389	-913.947.278	2015	3	19	0	0	0	2015-3-19T00:00:00Z			
	WORMS:366931	Pylopagurus discoidalis					http://purl.obolibrary.org/obo/RO_0002617	commensualistOf		WORMS:104	Scaphopoda					GEONAMES:3521108	Borde de la Plataforma	232.768	-894.997	2012	12	7	0	0	0	2012-12-7T00:00:00Z			
	WORMS:367492	Clibanarius antillensis			http://purl.obolibrary.org/obo/UBERON_0003100	female organism	http://purl.obolibrary.org/obo/RO_0002618	commensualistOf		WORMS:208639	Colubraria testacea					GEONAMES:3715361	Arrecife Cayo Nuevo	218.277.667	-921.101	2016	6	18	0	0	0	2016-6-18T00:00:00Z			
	WORMS:367527	Clibanarius tricolor			http://purl.obolibrary.org/obo/UBERON_0003101	male organism	http://purl.obolibrary.org/obo/RO_0002619	commensualistOf		WORMS:420006	Nitidella nitida					GEONAMES:3532759	Arrecife Cayo Arcas	202.076.944	-919.606.667	2016	4	24	0	0	0	2016-4-24T00:00:00Z			
	WORMS:367527	Clibanarius tricolor			http://purl.obolibrary.org/obo/UBERON_0003101	male organism	http://purl.obolibrary.org/obo/RO_0002620	commensualistOf		WORMS:419521	Cerithium eburneum					GEONAMES:3532759	Arrecife Cayo Arcas	202.076.944	-919.606.667	2016	4	24	0	0	0	2016-4-24T00:00:00Z			
	WORMS:367527	Clibanarius tricolor			http://purl.obolibrary.org/obo/UBERON_0003101	male organism	http://purl.obolibrary.org/obo/RO_0002621	commensualistOf		WORMS:419521	Cerithium eburneum					GEONAMES:3532759	Arrecife Cayo Arcas	202.076.944	-919.606.667	2016	4	24	0	0	0	2016-4-24T00:00:00Z			
	WORMS:367527	Clibanarius tricolor			http://purl.obolibrary.org/obo/UBERON_0003101	male organism	http://purl.obolibrary.org/obo/RO_0002622	commensualistOf		WORMS:419521	Cerithium eburneum					GEONAMES:3532759	Arrecife Cayo Arcas	202.076.944	-919.606.667	2016	4	24	0	0	0	2016-4-24T00:00:00Z			
	WORMS:367527	Clibanarius tricolor			http://purl.obolibrary.org/obo/UBERON_0003101	male organism	http://purl.obolibrary.org/obo/RO_0002623	commensualistOf		WORMS:419462	Tegula lividomaculata					GEONAMES:3532759	Arrecife Cayo Arcas	202.076.944	-919.606.667	2016	4	24	0	0	0	2016-4-24T00:00:00Z			
	WORMS:367527	Clibanarius tricolor			http://purl.obolibrary.org/obo/UBERON_0003101	male organism	http://purl.obolibrary.org/obo/RO_0002624	commensualistOf		WORMS:419462	Tegula lividomaculata					GEONAMES:3532759	Arrecife Cayo Arcas	202.076.944	-919.606.667	2016	4	24	0	0	0	2016-4-24T00:00:00Z			
	WORMS:367527	Clibanarius tricolor			http://purl.obolibrary.org/obo/UBERON_0003101	male organism	http://purl.obolibrary.org/obo/RO_0002625	commensualistOf		WORMS:139202	Mitrella ocellata					GEONAMES:3532759	Arrecife Cayo Arcas	202.076.944	-919.606.667	2016	4	24	0	0	0	2016-4-24T00:00:00Z			
	WORMS:367527	Clibanarius tricolor			http://purl.obolibrary.org/obo/UBERON_0003101	male organism	http://purl.obolibrary.org/obo/RO_0002626	commensualistOf		WORMS:139202	Mitrella ocellata					GEONAMES:3532759	Arrecife Cayo Arcas	202.076.944	-919.606.667	2016	4	24	0	0	0	2016-4-24T00:00:00Z			
	WORMS:367527	Clibanarius tricolor			http://purl.obolibrary.org/obo/UBERON_0003100	female organism	http://purl.obolibrary.org/obo/RO_0002627	commensualistOf		WORMS:419522	Cerithium lutosum					GEONAMES:3532759	Arrecife Cayo Arcas	202.076.944	-919.606.667	2016	4	24	0	0	0	2016-4-24T00:00:00Z			
	WORMS:367492	Clibanarius antillensis			http://purl.obolibrary.org/obo/UBERON_0003101	male organism	http://purl.obolibrary.org/obo/RO_0002628	commensualistOf		WORMS:101	Gastropoda					GEONAMES:3532759	Arrecife Cayo Arcas	202.076.944	-919.606.667	2016	4	24	0	0	0	2016-4-24T00:00:00Z			
	WORMS:367492	Clibanarius antillensis			http://purl.obolibrary.org/obo/UBERON_0003101	male organism	http://purl.obolibrary.org/obo/RO_0002629	commensualistOf		WORMS:419521	Cerithium eburneum					GEONAMES:3532759	Arrecife Cayo Arcas	202.076.944	-919.606.667	2016	4	24	0	0	0	2016-4-24T00:00:00Z			
	WORMS:503156	Areopaguristes			http://purl.obolibrary.org/obo/UBERON_0003101	male organism	http://purl.obolibrary.org/obo/RO_0002630	commensualistOf		WORMS:877063	Phrontis alba					GEONAMES:8583886	Dzilam de Bravo	214.684.722	-888.005	2017	6	27	0	0	0	2017-6-27T00:00:00Z			
	WORMS:503156	Areopaguristes			http://purl.obolibrary.org/obo/UBERON_0007021	sexually immature organism	http://purl.obolibrary.org/obo/RO_0002631	commensualistOf		WORMS:877063	Phrontis alba					GEONAMES:8583886	Dzilam de Bravo	215.211.944	-887.720.278	2017	6	27	0	0	0	2017-6-27T00:00:00Z			
	WORMS:366662	Pagurus brevidactylus			http://purl.obolibrary.org/obo/UBERON_0003101	male organism	http://purl.obolibrary.org/obo/RO_0002632	commensualistOf		WORMS:101	Gastropoda					GEONAMES:3516635	Sisal	21.347.167	-90.147.583	2016	10	19	0	0	0	2016-10-19T00:00:00Z			
	WORMS:503156	Areopaguristes					http://purl.obolibrary.org/obo/RO_0002633	commensualistOf		WORMS:216687	Cerithium litteratum					GEONAMES:3515106	Arrecife Triángulo Oeste	2.095.649	-9.231.105	2017	9	10	0	0	0	2017-9-10T00:00:00Z			
	WORMS:366822	Phimochirus randalli			http://purl.obolibrary.org/obo/UBERON_0003101	male organism	http://purl.obolibrary.org/obo/RO_0002634	commensualistOf		WORMS:216687	Cerithium litteratum					GEONAMES:3515106	Arrecife Triángulo Oeste	2.095.528	-9.231.086	2017	9	10	0	0	0	2017-9-10T00:00:00Z			
	WORMS:503156	Areopaguristes			http://purl.obolibrary.org/obo/UBERON_0003100	female organism	http://purl.obolibrary.org/obo/RO_0002635	commensualistOf		WORMS:216687	Cerithium litteratum					GEONAMES:3515107	Arrecife Triángulo Este	2.089.934	-92.228.337	2017	9	11	0	0	0	2017-9-11T00:00:00Z			
	WORMS:503156	Areopaguristes			http://purl.obolibrary.org/obo/UBERON_0003101	male organism	http://purl.obolibrary.org/obo/RO_0002636	commensualistOf		WORMS:216687	Cerithium litteratum					GEONAMES:3515107	Arrecife Triángulo Este	2.089.435	-9.223.953	2017	9	12	0	0	0	2017-9-12T00:00:00Z			
	WORMS:503156	Areopaguristes			http://purl.obolibrary.org/obo/UBERON_0003101	male organism	http://purl.obolibrary.org/obo/RO_0002637	commensualistOf		WORMS:216687	Cerithium litteratum					GEONAMES:3715360	Arrecife Banco Obispo Norte	2.050.205	-9.220.464	2017	9	13	0	0	0	2017-9-13T00:00:00Z			
	WORMS:368299	Paguristes tortugae			http://purl.obolibrary.org/obo/UBERON_0007021	sexually immature organism	http://purl.obolibrary.org/obo/RO_0002638	commensualistOf		WORMS:208599	Columbella mercatoria					GEONAMES:3715360	Arrecife Banco Obispo Norte	2.050.371	-92.202	2017	9	13	0	0	0	2017-9-13T00:00:00Z			
	WORMS:503156	Areopaguristes			http://purl.obolibrary.org/obo/UBERON_0003101	male organism	http://purl.obolibrary.org/obo/RO_0002639	commensualistOf		WORMS:216687	Cerithium litteratum					GEONAMES:3715360	Arrecife Banco Obispo Norte	2.049.049	-9.220.332	2017	9	13	0	0	0	2017-9-13T00:00:00Z			
	WORMS:503156	Areopaguristes			http://purl.obolibrary.org/obo/UBERON_0003100	female organism	http://purl.obolibrary.org/obo/RO_0002640	commensualistOf		WORMS:216687	Cerithium litteratum					GEONAMES:3715360	Arrecife Banco Obispo Norte	2.049.049	-9.220.333	2017	9	13	0	0	0	2017-9-13T00:00:00Z			
	WORMS:503156	Areopaguristes			http://purl.obolibrary.org/obo/UBERON_0003101	male organism	http://purl.obolibrary.org/obo/RO_0002641	commensualistOf		WORMS:216687	Cerithium litteratum					GEONAMES:3715360	Arrecife Banco Obispo Norte	2.049.049	-9.220.334	2017	9	13	0	0	0	2017-9-13T00:00:00Z			
	WORMS:503156	Areopaguristes			http://purl.obolibrary.org/obo/UBERON_0003101	male organism	http://purl.obolibrary.org/obo/RO_0002642	commensualistOf		WORMS:216687	Cerithium litteratum					GEONAMES:3715360	Arrecife Banco Obispo Norte	2.049.049	-9.220.335	2017	9	13	0	0	0	2017-9-13T00:00:00Z			
	WORMS:503156	Areopaguristes			http://purl.obolibrary.org/obo/UBERON_0003101	male organism	http://purl.obolibrary.org/obo/RO_0002643	commensualistOf		WORMS:216687	Cerithium litteratum					GEONAMES:3715360	Arrecife Banco Obispo Norte	2.049.049	-9.220.336	2017	9	13	0	0	0	2017-9-13T00:00:00Z			
	WORMS:503156	Areopaguristes			http://purl.obolibrary.org/obo/UBERON_0003100	female organism	http://purl.obolibrary.org/obo/RO_0002644	commensualistOf		WORMS:137760	Cerithium					GEONAMES:3715360	Arrecife Banco Obispo Norte	2.049.049	-9.220.337	2017	9	13	0	0	0	2017-9-13T00:00:00Z			
	WORMS:503156	Areopaguristes			http://purl.obolibrary.org/obo/UBERON_0003100	female organism	http://purl.obolibrary.org/obo/RO_0002645	commensualistOf		WORMS:419521	Cerithium eburneum					GEONAMES:3715360	Arrecife Banco Obispo Norte	2.049.049	-9.220.338	2017	9	13	0	0	0	2017-9-13T00:00:00Z			
	WORMS:503156	Areopaguristes			http://purl.obolibrary.org/obo/UBERON_0003100	female organism	http://purl.obolibrary.org/obo/RO_0002646	commensualistOf		WORMS:216687	Cerithium litteratum					GEONAMES:3715360	Arrecife Banco Obispo Norte	2.049.049	-9.220.339	2017	9	13	0	0	0	2017-9-13T00:00:00Z			
	WORMS:503156	Areopaguristes			http://purl.obolibrary.org/obo/UBERON_0003100	female organism	http://purl.obolibrary.org/obo/RO_0002647	commensualistOf		WORMS:216687	Cerithium litteratum					GEONAMES:3715360	Arrecife Banco Obispo Norte	2.049.049	-922.034	2017	9	13	0	0	0	2017-9-13T00:00:00Z			
	WORMS:503156	Areopaguristes			http://purl.obolibrary.org/obo/UBERON_0003101	male organism	http://purl.obolibrary.org/obo/RO_0002648	commensualistOf		WORMS:216687	Cerithium litteratum					GEONAMES:3715360	Arrecife Banco Obispo Norte	2.049.049	-9.220.341	2017	9	13	0	0	0	2017-9-13T00:00:00Z			
	WORMS:503156	Areopaguristes			http://purl.obolibrary.org/obo/UBERON_0003101	male organism	http://purl.obolibrary.org/obo/RO_0002649	commensualistOf		WORMS:216687	Cerithium litteratum					GEONAMES:3715360	Arrecife Banco Obispo Norte	2.049.049	-9.220.342	2017	9	13	0	0	0	2017-9-13T00:00:00Z			
	WORMS:503156	Areopaguristes			http://purl.obolibrary.org/obo/UBERON_0003101	male organism	http://purl.obolibrary.org/obo/RO_0002650	commensualistOf		WORMS:216687	Cerithium litteratum					GEONAMES:3715359	Arrecife Banco Obispo Sur	2.042.529	-9.222.865	2017	9	14	0	0	0	2017-9-14T00:00:00Z			
	WORMS:367527	Clibanarius tricolor			http://purl.obolibrary.org/obo/UBERON_0003101	male organism	http://purl.obolibrary.org/obo/RO_0002651	commensualistOf		WORMS:216687	Cerithium litteratum					GEONAMES:3533115	Arrecife Alacranes	223.888.889	-896.321.111	2008	6	12	0	0	0	2008-6-12T00:00:00Z			
	WORMS:367527	Clibanarius tricolor			http://purl.obolibrary.org/obo/UBERON_0003101	male organism	http://purl.obolibrary.org/obo/RO_0002652	commensualistOf		WORMS:216687	Cerithium litteratum					GEONAMES:3533115	Arrecife Alacranes	223.888.889	-896.321.111	2008	6	12	0	0	0	2008-6-12T00:00:00Z			
	WORMS:367527	Clibanarius tricolor			http://purl.obolibrary.org/obo/UBERON_0003101	male organism	http://purl.obolibrary.org/obo/RO_0002653	commensualistOf		WORMS:160009	Prunum					GEONAMES:3533115	Arrecife Alacranes	223.888.889	-896.321.111	2008	6	12	0	0	0	2008-6-12T00:00:00Z			
	WORMS:367457	Calcinus tibicen					http://purl.obolibrary.org/obo/RO_0002654	commensualistOf		WORMS:419521	Cerithium eburneum					GEONAMES:3533115	Arrecife Alacranes	223.682.222	-896.735.833	2016	5	23	0	0	0	2016-5-23T00:00:00Z			
	WORMS:367457	Calcinus tibicen			http://purl.obolibrary.org/obo/UBERON_0003100	female organism	http://purl.obolibrary.org/obo/RO_0002655	commensualistOf		WORMS:216687	Cerithium litteratum					GEONAMES:3533115	Arrecife Alacranes	223.888.889	-896.321.111	2008	6	12	0	0	0	2008-6-12T00:00:00Z			
	WORMS:503156	Areopaguristes			http://purl.obolibrary.org/obo/UBERON_0003100	female organism	http://purl.obolibrary.org/obo/RO_0002656	commensualistOf		WORMS:208639	Colubraria testacea					GEONAMES:3715361	Arrecife Cayo Nuevo	218.277.667	-921.101	2016	6	18	0	0	0	2016-6-18T00:00:00Z			
	WORMS:503156	Areopaguristes			http://purl.obolibrary.org/obo/UBERON_0003101	male organism	http://purl.obolibrary.org/obo/RO_0002657	commensualistOf		WORMS:413467	Tegula					GEONAMES:3715361	Arrecife Cayo Nuevo	218.277.667	-921.101	2016	6	18	0	0	0	2016-6-18T00:00:00Z			
	WORMS:503156	Areopaguristes			http://purl.obolibrary.org/obo/UBERON_0003100	female organism	http://purl.obolibrary.org/obo/RO_0002658	commensualistOf		WORMS:420006	Nitidella nitida					GEONAMES:3715361	Arrecife Cayo Nuevo	218.277.667	-921.101	2016	6	18	0	0	0	2016-6-18T00:00:00Z			
	WORMS:503156	Areopaguristes			http://purl.obolibrary.org/obo/UBERON_0003100	female organism	http://purl.obolibrary.org/obo/RO_0002659	commensualistOf		WORMS:419521	Cerithium eburneum					GEONAMES:3715361	Arrecife Cayo Nuevo	218.277.667	-921.113.625	2016	6	18	0	0	0	2016-6-18T00:00:00Z			
	WORMS:368215	Paguristes cadenati			http://purl.obolibrary.org/obo/UBERON_0003100	female organism	http://purl.obolibrary.org/obo/RO_0002660	commensualistOf		WORMS:216687	Cerithium litteratum					GEONAMES:3533115	Arrecife Alacranes	223.888.889	-896.321.111	2008	6	12	0	0	0	2008-6-12T00:00:00Z			
	WORMS:368215	Paguristes cadenati			http://purl.obolibrary.org/obo/UBERON_0003101	male organism	http://purl.obolibrary.org/obo/RO_0002661	commensualistOf		WORMS:137813	Conus					GEONAMES:3533115	Arrecife Alacranes	223.888.889	-896.321.111	2008	6	12	0	0	0	2008-6-12T00:00:00Z			
	WORMS:366753	Pagurus provenzanoi					http://purl.obolibrary.org/obo/RO_0002662	commensualistOf		WORMS:137760	Cerithium					GEONAMES:3515107	Arrecife Triángulo Este	2.089.934	-92.228.337	2017	9	11	0	0	0	2017-9-11T00:00:00Z			
	WORMS:366753	Pagurus provenzanoi			http://purl.obolibrary.org/obo/UBERON_0003100	female organism	http://purl.obolibrary.org/obo/RO_0002663	commensualistOf		WORMS:216687	Cerithium litteratum					GEONAMES:3715360	Arrecife Banco Obispo Norte	2.050.205	-9.220.464	2017	9	13	0	0	0	2017-9-13T00:00:00Z			
	WORMS:366753	Pagurus provenzanoi			http://purl.obolibrary.org/obo/UBERON_0003100	female organism	http://purl.obolibrary.org/obo/RO_0002664	commensualistOf		WORMS:137760	Cerithium					GEONAMES:3715360	Arrecife Banco Obispo Norte	2.050.205	-9.220.464	2017	9	13	0	0	0	2017-9-13T00:00:00Z			
	WORMS:366753	Pagurus provenzanoi			http://purl.obolibrary.org/obo/UBERON_0003100	female organism	http://purl.obolibrary.org/obo/RO_0002665	commensualistOf		WORMS:216687	Cerithium litteratum					GEONAMES:3715360	Arrecife Banco Obispo Norte	2.050.371	-92.202	2017	9	13	0	0	0	2017-9-13T00:00:00Z			
	WORMS:366662	Pagurus brevidactylus					http://purl.obolibrary.org/obo/RO_0002666	commensualistOf		WORMS:216687	Cerithium litteratum					GEONAMES:3715360	Arrecife Banco Obispo Norte	2.050.205	-9.220.464	2017	9	13	0	0	0	2017-9-13T00:00:00Z			
	WORMS:366753	Pagurus provenzanoi					http://purl.obolibrary.org/obo/RO_0002667	commensualistOf		WORMS:419521	Cerithium eburneum					GEONAMES:3715359	Arrecife Banco Obispo Sur	2.042.059	-9.222.333	2017	9	14	0	0	0	2017-9-14T00:00:00Z			
	WORMS:366753	Pagurus provenzanoi					http://purl.obolibrary.org/obo/RO_0002668	commensualistOf		WORMS:216687	Cerithium litteratum					GEONAMES:3715359	Arrecife Banco Obispo Sur	2.042.059	-9.222.333	2017	9	14	0	0	0	2017-9-14T00:00:00Z			
	WORMS:366662	Pagurus brevidactylus					http://purl.obolibrary.org/obo/RO_0002669	commensualistOf		WORMS:216687	Cerithium litteratum					GEONAMES:3715360	Arrecife Banco Obispo Norte	2.049.049	-9.220.332	2017	9	13	0	0	0	2017-9-13T00:00:00Z			
	WORMS:366662	Pagurus brevidactylus					http://purl.obolibrary.org/obo/RO_0002670	commensualistOf		WORMS:208599	Columbella mercatoria					GEONAMES:3715360	Arrecife Banco Obispo Norte	2.049.049	-9.220.332	2017	9	13	0	0	0	2017-9-13T00:00:00Z			
	WORMS:366753	Pagurus provenzanoi			http://purl.obolibrary.org/obo/UBERON_0003101	male organism	http://purl.obolibrary.org/obo/RO_0002671	commensualistOf		WORMS:419521	Cerithium eburneum					GEONAMES:3515106	Arrecife Triángulo Oeste	2.096.221	-9.231.128	2017	9	8	0	0	0	2017-9-8T00:00:00Z			
	WORMS:366753	Pagurus provenzanoi			http://purl.obolibrary.org/obo/UBERON_0003101	male organism	http://purl.obolibrary.org/obo/RO_0002672	commensualistOf		WORMS:216687	Cerithium litteratum					GEONAMES:3515106	Arrecife Triángulo Oeste	2.096.221	-9.231.128	2017	9	8	0	0	0	2017-9-8T00:00:00Z			
	WORMS:366753	Pagurus provenzanoi					http://purl.obolibrary.org/obo/RO_0002673	commensualistOf		WORMS:216687	Cerithium litteratum					GEONAMES:3515106	Arrecife Triángulo Oeste	2.095.649	-9.231.105	2017	9	10	0	0	0	2017-9-10T00:00:00Z			
	WORMS:366753	Pagurus provenzanoi					http://purl.obolibrary.org/obo/RO_0002674	commensualistOf		WORMS:216687	Cerithium litteratum					GEONAMES:3515106	Arrecife Triángulo Oeste	2.095.649	-9.231.105	2017	9	10	0	0	0	2017-9-10T00:00:00Z			
	WORMS:368215	Paguristes cadenati					http://purl.obolibrary.org/obo/RO_0002675	commensualistOf		WORMS:216687	Cerithium litteratum					GEONAMES:3515106	Arrecife Triángulo Oeste	2.096.221	-9.231.128	2017	9	8	0	0	0	2017-9-8T00:00:00Z			
	WORMS:366477	Iridopagurus caribbensis			http://purl.obolibrary.org/obo/UBERON_0003100	female organism	http://purl.obolibrary.org/obo/RO_0002676	commensualistOf		WORMS:224824	Polinices lacteus					GEONAMES:3715360	Arrecife Banco Obispo Norte	2.049.049	-9.220.332	2017	9	13	0	0	0	2017-9-13T00:00:00Z			
	WORMS:368306	Paguristes wassi			http://purl.obolibrary.org/obo/UBERON_0003101	male organism	http://purl.obolibrary.org/obo/RO_0002677	commensualistOf		WORMS:419417	Calliostoma javanicum					GEONAMES:3515106	Arrecife Triángulo Oeste	2.096.221	-9.231.128	2017	9	8	0	0	0	2017-9-8T00:00:00Z			
	WORMS:503156	Areopaguristes			http://purl.obolibrary.org/obo/UBERON_0003100	female organism	http://purl.obolibrary.org/obo/RO_0002678	commensualistOf		WORMS:216687	Cerithium litteratum					GEONAMES:3515106	Arrecife Triángulo Oeste	2.096.221	-9.231.128	2017	9	8	0	0	0	2017-9-8T00:00:00Z			
	WORMS:503156	Areopaguristes					http://purl.obolibrary.org/obo/RO_0002679	commensualistOf		WORMS:208599	Columbella mercatoria					GEONAMES:3516634	Arrecife Bajo de 10	213.482.833	-901.460.556	2019	4	25	0	0	0	2019-4-25T00:00:00Z			
	WORMS:368299	Paguristes tortugae			http://purl.obolibrary.org/obo/UBERON_0003100	female organism	http://purl.obolibrary.org/obo/RO_0002680	commensualistOf		WORMS:208599	Columbella mercatoria					GEONAMES:3516634	Arrecife Bajo de 10	213.482.833	-901.460.556	2019	4	25	0	0	0	2019-4-25T00:00:00Z			
	WORMS:368299	Paguristes tortugae					http://purl.obolibrary.org/obo/RO_0002681	commensualistOf		WORMS:419521	Cerithium eburneum					GEONAMES:3516634	Arrecife Bajo de 10	213.482.833	-901.460.556	2019	4	25	0	0	0	2019-4-25T00:00:00Z			
	WORMS:368299	Paguristes tortugae					http://purl.obolibrary.org/obo/RO_0002682	commensualistOf		WORMS:208599	Columbella mercatoria					GEONAMES:3516634	Arrecife Bajo de 10	213.482.833	-901.460.556	2019	4	25	0	0	0	2019-4-25T00:00:00Z			
	WORMS:503156	Areopaguristes					http://purl.obolibrary.org/obo/RO_0002683	commensualistOf		WORMS:419459	Tegula fasciata					GEONAMES:3516634	Arrecife Bajo de 10	213.482.833	-901.460.556	2019	4	25	0	0	0	2019-4-25T00:00:00Z			
	WORMS:503156	Areopaguristes					http://purl.obolibrary.org/obo/RO_0002684	commensualistOf		WORMS:419521	Cerithium eburneum					GEONAMES:3516634	Arrecife Bajo de 10	213.482.833	-901.460.556	2019	4	25	0	0	0	2019-4-25T00:00:00Z			
	WORMS:503156	Areopaguristes					http://purl.obolibrary.org/obo/RO_0002685	commensualistOf		WORMS:208599	Columbella mercatoria					GEONAMES:3516634	Arrecife Bajo de 10	213.482.833	-901.460.556	2019	4	25	0	0	0	2019-4-25T00:00:00Z			
	WORMS:366662	Pagurus brevidactylus			http://purl.obolibrary.org/obo/UBERON_0003101	male organism	http://purl.obolibrary.org/obo/RO_0002686	commensualistOf		WORMS:419521	Cerithium eburneum					GEONAMES:3516634	Arrecife Bajo de 10	213.482.833	-901.460.556	2019	4	25	0	0	0	2019-4-25T00:00:00Z			
	WORMS:368299	Paguristes tortugae					http://purl.obolibrary.org/obo/RO_0002687	commensualistOf		WORMS:208599	Columbella mercatoria					GEONAMES:3516634	Arrecife Bajo de 10	213.482.833	-901.460.556	2019	4	25	0	0	0	2019-4-25T00:00:00Z			
	WORMS:368299	Paguristes tortugae					http://purl.obolibrary.org/obo/RO_0002688	commensualistOf		WORMS:419521	Cerithium eburneum					GEONAMES:3516634	Arrecife Bajo de 10	213.482.833	-901.460.556	2019	4	25	0	0	0	2019-4-25T00:00:00Z			
	WORMS:503156	Areopaguristes					http://purl.obolibrary.org/obo/RO_0002689	commensualistOf		WORMS:216687	Cerithium litteratum					GEONAMES:3516634	Arrecife Bajo de 10	213.482.833	-901.460.556	2019	4	25	0	0	0	2019-4-25T00:00:00Z			
	WORMS:503156	Areopaguristes					http://purl.obolibrary.org/obo/RO_0002690	commensualistOf		WORMS:208599	Columbella mercatoria					GEONAMES:3516634	Arrecife Bajo de 10	213.482.833	-901.460.556	2019	4	25	0	0	0	2019-4-25T00:00:00Z			
	WORMS:366662	Pagurus brevidactylus			http://purl.obolibrary.org/obo/UBERON_0003100	female organism	http://purl.obolibrary.org/obo/RO_0002691	commensualistOf		WORMS:208599	Columbella mercatoria					GEONAMES:3516634	Arrecife Bajo de 10	213.482.833	-901.460.556	2019	4	25	0	0	0	2019-4-25T00:00:00Z			
	WORMS:368299	Paguristes tortugae					http://purl.obolibrary.org/obo/RO_0002692	commensualistOf		WORMS:208599	Columbella mercatoria					GEONAMES:3516634	Arrecife Bajo de 10	213.482.833	-901.460.556	2019	4	25	0	0	0	2019-4-25T00:00:00Z			
	WORMS:368299	Paguristes tortugae					http://purl.obolibrary.org/obo/RO_0002693	commensualistOf		WORMS:419521	Cerithium eburneum					GEONAMES:3516634	Arrecife Bajo de 10	213.482.833	-901.460.556	2019	4	25	0	0	0	2019-4-25T00:00:00Z			
	WORMS:503156	Areopaguristes					http://purl.obolibrary.org/obo/RO_0002694	commensualistOf		WORMS:208599	Columbella mercatoria					GEONAMES:3516634	Arrecife Bajo de 10	213.482.833	-901.460.556	2019	4	25	0	0	0	2019-4-25T00:00:00Z			
	WORMS:503156	Areopaguristes					http://purl.obolibrary.org/obo/RO_0002695	commensualistOf		WORMS:419521	Cerithium eburneum					GEONAMES:3516634	Arrecife Bajo de 10	213.482.833	-901.460.556	2019	4	25	0	0	0	2019-4-25T00:00:00Z			
	WORMS:366753	Pagurus provenzanoi					http://purl.obolibrary.org/obo/RO_0002696	commensualistOf		WORMS:216687	Cerithium litteratum					GEONAMES:3515107	Arrecife Triángulo Este	2.089.435	-9.223.953	2017	9	12	0	0	0	2017-9-12T00:00:00Z			
	WORMS:366753	Pagurus provenzanoi					http://purl.obolibrary.org/obo/RO_0002697	commensualistOf		WORMS:216687	Cerithium litteratum					GEONAMES:3515106	Arrecife Triángulo Oeste	2.096.221	-9.231.128	2017	9	8	0	0	0	2017-9-8T00:00:00Z			
	WORMS:366753	Pagurus provenzanoi			http://purl.obolibrary.org/obo/UBERON_0003101	male organism	http://purl.obolibrary.org/obo/RO_0002698	commensualistOf		WORMS:224824	Polinices lacteus					GEONAMES:3715360	Arrecife Banco Obispo Norte	204.946	-922.037.806	2017	9	13	0	0	0	2017-9-13T00:00:00Z			
	WORMS:368215	Paguristes cadenati					http://purl.obolibrary.org/obo/RO_0002699	commensualistOf		WORMS:224824	Polinices lacteus					GEONAMES:3515107	Arrecife Triángulo Este	2.089.862	-9.223.233	2017	9	11	0	0	0	2017-9-11T00:00:00Z			
	WORMS:368275	Paguristes puncticeps			http://purl.obolibrary.org/obo/UBERON_0003100	female organism	http://purl.obolibrary.org/obo/RO_0002700	commensualistOf		WORMS:489043	Hemipolygona carinifera					GEONAMES:3715360	Arrecife Banco Obispo Norte	204.946	-922.037.806	2017	9	13	0	0	0	2017-9-13T00:00:00Z			
	WORMS:367457	Calcinus tibicen			http://purl.obolibrary.org/obo/UBERON_0003100	female organism	http://purl.obolibrary.org/obo/RO_0002701	commensualistOf		WORMS:413407	Lithopoma americanum					GEONAMES:3715359	Arrecife Banco Obispo Sur	2.042.529	-9.222.865	2017	9	14	0	0	0	2017-9-14T00:00:00Z			
	WORMS:368215	Paguristes cadenati			http://purl.obolibrary.org/obo/UBERON_0003101	male organism	http://purl.obolibrary.org/obo/RO_0002702	commensualistOf		WORMS:216687	Cerithium litteratum					GEONAMES:3515106	Arrecife Triángulo Oeste	2.095.528	-9.231.086	2017	9	10	0	0	0	2017-9-10T00:00:00Z			