sourceOccurrenceId,sourceTaxonId,sourceTaxonName,sourceBodyPartId,sourceBodyPartName,sourceLifeStageId,sourceLifeStageName,interactionTypeId,interactionTypeName,targetOccurrenceId,targetTaxonId,targetTaxonName,targetBodyPartId,targetBodyPartName,targetLifeStageId,targetLifeStageName,localityId,localityName,decimalLatitude,decimalLongitude,YYYY,MM,DD,HH,mm,ss,observationDateTime,referenceDoi,referenceUrl,referenceCitation
,WORMS:368215,Paguristes cadenati,,,http://purl.obolibrary.org/obo/UBERON_0003101,male organism,http://purl.obolibrary.org/obo/RO_0002441,commensualistOf,,WORMS:419521,Cerithium eburneum,,,,,GEONAMES:3533115,Arrecife Alacranes,22.3889,-89.6321,2008,6,12,0,0,0,2008-6-12T00:00:00Z,,,
,WORMS:368215,Paguristes cadenati,,,http://purl.obolibrary.org/obo/UBERON_0003101,male organism,http://purl.obolibrary.org/obo/RO_0002441,commensualistOf,,WORMS:419521,Cerithium eburneum,,,,,GEONAMES:3533115,Arrecife Alacranes,22.3889,-89.6321,2008,6,12,0,0,0,2008-6-12T00:00:00Z,,,
,WORMS:367527,Clibanarius tricolor,,,,,http://purl.obolibrary.org/obo/RO_0002441,commensualistOf,,WORMS:208599,Columbella mercatoria,,,,,GEONAMES:9291830,"Punta Piedra, Mahahual, Quitana Roo",18.5392,-87.7412,2016,3,13,0,0,0,2016-3-13T00:00:00Z,,,
,WORMS:367527,Clibanarius tricolor,,,,,http://purl.obolibrary.org/obo/RO_0002441,commensualistOf,,WORMS:208599,Columbella mercatoria,,,,,GEONAMES:9291830,"Punta Piedra, Mahahual, Quitana Roo",18.5392,-87.7412,2016,3,13,0,0,0,2016-3-13T00:00:00Z,,,
,WORMS:367527,Clibanarius tricolor,,,,,http://purl.obolibrary.org/obo/RO_0002441,commensualistOf,,WORMS:208599,Columbella mercatoria,,,,,GEONAMES:9291830,"Punta Piedra, Mahahual, Quitana Roo",18.5392,-87.7412,2016,3,13,0,0,0,2016-3-13T00:00:00Z,,,
,WORMS:367527,Clibanarius tricolor,,,http://purl.obolibrary.org/obo/UBERON_0003101,male organism,http://purl.obolibrary.org/obo/RO_0002441,commensualistOf,,WORMS:208599,Columbella mercatoria,,,,,GEONAMES:9291830,"Punta Piedra, Mahahual, Quitana Roo",18.5392,-87.7412,2016,3,13,0,0,0,2016-3-13T00:00:00Z,,,
,WORMS:367527,Clibanarius tricolor,,,http://purl.obolibrary.org/obo/UBERON_0003101,male organism,http://purl.obolibrary.org/obo/RO_0002441,commensualistOf,,WORMS:208599,Columbella mercatoria,,,,,GEONAMES:9291830,"Punta Piedra, Mahahual, Quitana Roo",18.5392,-87.7412,2016,3,13,0,0,0,2016-3-13T00:00:00Z,,,
,WORMS:367527,Clibanarius tricolor,,,http://purl.obolibrary.org/obo/UBERON_0003101,male organism,http://purl.obolibrary.org/obo/RO_0002441,commensualistOf,,WORMS:419557,Cenchritis muricatus,,,,,GEONAMES:9291830,"Punta Piedra, Mahahual, Quitana Roo",18.5392,-87.7412,2016,3,13,0,0,0,2016-3-13T00:00:00Z,,,
,WORMS:367527,Clibanarius tricolor,,,http://purl.obolibrary.org/obo/UBERON_0003101,male organism,http://purl.obolibrary.org/obo/RO_0002441,commensualistOf,,WORMS:419557,Cenchritis muricatus,,,,,GEONAMES:9291830,"Punta Piedra, Mahahual, Quitana Roo",18.5392,-87.7412,2016,3,13,0,0,0,2016-3-13T00:00:00Z,,,
,WORMS:367527,Clibanarius tricolor,,,http://purl.obolibrary.org/obo/UBERON_0003100,female organism,http://purl.obolibrary.org/obo/RO_0002441,commensualistOf,,WORMS:419557,Cenchritis muricatus,,,,,GEONAMES:9291830,"Punta Piedra, Mahahual, Quitana Roo",18.5392,-87.7412,2016,3,13,0,0,0,2016-3-13T00:00:00Z,,,
,WORMS:367527,Clibanarius tricolor,,,http://purl.obolibrary.org/obo/UBERON_0003101,male organism,http://purl.obolibrary.org/obo/RO_0002441,commensualistOf,,WORMS:419513,Puperita pupa,,,,,GEONAMES:9291830,"Punta Piedra, Mahahual, Quitana Roo",18.5392,-87.7412,2016,3,13,0,0,0,2016-3-13T00:00:00Z,,,
,WORMS:367527,Clibanarius tricolor,,,http://purl.obolibrary.org/obo/UBERON_0003101,male organism,http://purl.obolibrary.org/obo/RO_0002441,commensualistOf,,WORMS:419569,Tectarius antonii,,,,,GEONAMES:9291830,"Punta Piedra, Mahahual, Quitana Roo",18.5392,-87.7412,2016,3,13,0,0,0,2016-3-13T00:00:00Z,,,
,WORMS:367527,Clibanarius tricolor,,,http://purl.obolibrary.org/obo/UBERON_0003100,female organism,http://purl.obolibrary.org/obo/RO_0002441,commensualistOf,,WORMS:419462,Tegula lividomaculata,,,,,GEONAMES:9291830,"Punta Piedra, Mahahual, Quitana Roo",18.5392,-87.7412,2016,3,13,0,0,0,2016-3-13T00:00:00Z,,,
,WORMS:367527,Clibanarius tricolor,,,http://purl.obolibrary.org/obo/UBERON_0003101,male organism,http://purl.obolibrary.org/obo/RO_0002441,commensualistOf,,WORMS:419462,Tegula lividomaculata,,,,,GEONAMES:9291830,"Punta Piedra, Mahahual, Quitana Roo",18.5392,-87.7412,2016,3,13,0,0,0,2016-3-13T00:00:00Z,,,
,WORMS:367527,Clibanarius tricolor,,,http://purl.obolibrary.org/obo/UBERON_0003101,male organism,http://purl.obolibrary.org/obo/RO_0002441,commensualistOf,,WORMS:419559,Echinolittorina interrupta,,,,,GEONAMES:9291830,"Punta Piedra, Mahahual, Quitana Roo",18.5392,-87.7412,2016,3,13,0,0,0,2016-3-13T00:00:00Z,,,
,WORMS:367527,Clibanarius tricolor,,,http://purl.obolibrary.org/obo/UBERON_0003101,male organism,http://purl.obolibrary.org/obo/RO_0002441,commensualistOf,,WORMS:419559,Echinolittorina interrupta,,,,,GEONAMES:9291830,"Punta Piedra, Mahahual, Quitana Roo",18.5392,-87.7412,2016,3,13,0,0,0,2016-3-13T00:00:00Z,,,
,WORMS:367527,Clibanarius tricolor,,,http://purl.obolibrary.org/obo/UBERON_0003101,male organism,http://purl.obolibrary.org/obo/RO_0002441,commensualistOf,,WORMS:224584,Angiola lineata,,,,,GEONAMES:9291830,"Punta Piedra, Mahahual, Quitana Roo",18.5392,-87.7412,2016,3,13,0,0,0,2016-3-13T00:00:00Z,,,
,WORMS:367527,Clibanarius tricolor,,,http://purl.obolibrary.org/obo/UBERON_0003101,male organism,http://purl.obolibrary.org/obo/RO_0002441,commensualistOf,,WORMS:224584,Angiola lineata,,,,,GEONAMES:9291830,"Punta Piedra, Mahahual, Quitana Roo",18.5392,-87.7412,2016,3,13,0,0,0,2016-3-13T00:00:00Z,,,
,WORMS:367527,Clibanarius tricolor,,,http://purl.obolibrary.org/obo/UBERON_0007021,sexually immature organism,http://purl.obolibrary.org/obo/RO_0002441,commensualistOf,,WORMS:224584,Angiola lineata,,,,,GEONAMES:9291830,"Punta Piedra, Mahahual, Quitana Roo",18.5392,-87.7412,2016,3,13,0,0,0,2016-3-13T00:00:00Z,,,
,WORMS:367527,Clibanarius tricolor,,,http://purl.obolibrary.org/obo/UBERON_0007021,sexually immature organism,http://purl.obolibrary.org/obo/RO_0002441,commensualistOf,,WORMS:224584,Angiola lineata,,,,,GEONAMES:9291830,"Punta Piedra, Mahahual, Quitana Roo",18.5392,-87.7412,2016,3,13,0,0,0,2016-3-13T00:00:00Z,,,
,WORMS:367457,Calcinus tibicen,,,http://purl.obolibrary.org/obo/UBERON_0003101,male organism,http://purl.obolibrary.org/obo/RO_0002441,commensualistOf,,WORMS:419505,Nerita tessellata,,,,,GEONAMES:9291830,"Punta Piedra, Mahahual, Quitana Roo",18.5392,-87.7412,2016,3,13,0,0,0,2016-3-13T00:00:00Z,,,
,WORMS:367457,Calcinus tibicen,,,http://purl.obolibrary.org/obo/UBERON_0003101,male organism,http://purl.obolibrary.org/obo/RO_0002441,commensualistOf,,WORMS:419505,Nerita tessellata,,,,,GEONAMES:9291830,"Punta Piedra, Mahahual, Quitana Roo",18.5392,-87.7412,2016,3,13,0,0,0,2016-3-13T00:00:00Z,,,
,WORMS:367457,Calcinus tibicen,,,http://purl.obolibrary.org/obo/UBERON_0003101,male organism,http://purl.obolibrary.org/obo/RO_0002441,commensualistOf,,WORMS:419505,Nerita tessellata,,,,,GEONAMES:9291830,"Punta Piedra, Mahahual, Quitana Roo",18.5392,-87.7412,2016,3,13,0,0,0,2016-3-13T00:00:00Z,,,
,WORMS:367457,Calcinus tibicen,,,http://purl.obolibrary.org/obo/UBERON_0003101,male organism,http://purl.obolibrary.org/obo/RO_0002441,commensualistOf,,WORMS:419505,Nerita tessellata,,,,,GEONAMES:9291830,"Punta Piedra, Mahahual, Quitana Roo",18.5392,-87.7412,2016,3,13,0,0,0,2016-3-13T00:00:00Z,,,
,WORMS:367457,Calcinus tibicen,,,http://purl.obolibrary.org/obo/UBERON_0003101,male organism,http://purl.obolibrary.org/obo/RO_0002441,commensualistOf,,WORMS:419505,Nerita tessellata,,,,,GEONAMES:9291830,"Punta Piedra, Mahahual, Quitana Roo",18.5392,-87.7412,2016,3,13,0,0,0,2016-3-13T00:00:00Z,,,
,WORMS:367457,Calcinus tibicen,,,http://purl.obolibrary.org/obo/UBERON_0003101,male organism,http://purl.obolibrary.org/obo/RO_0002441,commensualistOf,,WORMS:419505,Nerita tessellata,,,,,GEONAMES:9291830,"Punta Piedra, Mahahual, Quitana Roo",18.5392,-87.7412,2016,3,13,0,0,0,2016-3-13T00:00:00Z,,,
,WORMS:367457,Calcinus tibicen,,,http://purl.obolibrary.org/obo/UBERON_0003101,male organism,http://purl.obolibrary.org/obo/RO_0002441,commensualistOf,,WORMS:419505,Nerita tessellata,,,,,GEONAMES:9291830,"Punta Piedra, Mahahual, Quitana Roo",18.5392,-87.7412,2016,3,13,0,0,0,2016-3-13T00:00:00Z,,,
,WORMS:367457,Calcinus tibicen,,,http://purl.obolibrary.org/obo/UBERON_0003101,male organism,http://purl.obolibrary.org/obo/RO_0002441,commensualistOf,,WORMS:419505,Nerita tessellata,,,,,GEONAMES:9291830,"Punta Piedra, Mahahual, Quitana Roo",18.5392,-87.7412,2016,3,13,0,0,0,2016-3-13T00:00:00Z,,,
,WORMS:367457,Calcinus tibicen,,,http://purl.obolibrary.org/obo/UBERON_0003101,male organism,http://purl.obolibrary.org/obo/RO_0002441,commensualistOf,,WORMS:396994,Plicopurpura patula,,,,,GEONAMES:9291830,"Punta Piedra, Mahahual, Quitana Roo",18.5392,-87.7412,2016,3,13,0,0,0,2016-3-13T00:00:00Z,,,
,WORMS:367457,Calcinus tibicen,,,http://purl.obolibrary.org/obo/UBERON_0003100,female organism,http://purl.obolibrary.org/obo/RO_0002441,commensualistOf,,WORMS:419462,Tegula lividomaculata,,,,,GEONAMES:9291830,"Punta Piedra, Mahahual, Quitana Roo",18.5392,-87.7412,2016,3,13,0,0,0,2016-3-13T00:00:00Z,,,
,WORMS:367457,Calcinus tibicen,,,http://purl.obolibrary.org/obo/UBERON_0003100,female organism,http://purl.obolibrary.org/obo/RO_0002441,commensualistOf,,WORMS:419762,Polinices hepaticus,,,,,GEONAMES:9291830,"Punta Piedra, Mahahual, Quitana Roo",18.5392,-87.7412,2016,3,13,0,0,0,2016-3-13T00:00:00Z,,,
,WORMS:367527,Clibanarius tricolor,,,http://purl.obolibrary.org/obo/UBERON_0003100,female organism,http://purl.obolibrary.org/obo/RO_0002441,commensualistOf,,WORMS:224584,Angiola lineata,,,,,GEONAMES:9291830,"Punta Piedra, Mahahual, Quitana Roo",18.5392,-87.7412,2016,3,13,0,0,0,2016-3-13T00:00:00Z,,,
,WORMS:367527,Clibanarius tricolor,,,http://purl.obolibrary.org/obo/UBERON_0003101,male organism,http://purl.obolibrary.org/obo/RO_0002441,commensualistOf,,WORMS:224584,Angiola lineata,,,,,GEONAMES:9291830,"Punta Piedra, Mahahual, Quitana Roo",18.5392,-87.7412,2016,3,13,0,0,0,2016-3-13T00:00:00Z,,,
,WORMS:367527,Clibanarius tricolor,,,http://purl.obolibrary.org/obo/UBERON_0003101,male organism,http://purl.obolibrary.org/obo/RO_0002441,commensualistOf,,WORMS:224584,Angiola lineata,,,,,GEONAMES:9291830,"Punta Piedra, Mahahual, Quitana Roo",18.5392,-87.7412,2016,3,13,0,0,0,2016-3-13T00:00:00Z,,,
,WORMS:367527,Clibanarius tricolor,,,http://purl.obolibrary.org/obo/UBERON_0003100,female organism,http://purl.obolibrary.org/obo/RO_0002441,commensualistOf,,WORMS:877063,Phrontis alba,,,,,GEONAMES:3532759,Arrecife Cayo Arcas,20.2055,-91.9609,2015,10,31,0,0,0,2015-10-31T00:00:00Z,,,
,WORMS:367527,Clibanarius tricolor,,,http://purl.obolibrary.org/obo/UBERON_0007021,sexually immature organism,http://purl.obolibrary.org/obo/RO_0002441,commensualistOf,,WORMS:877063,Phrontis alba,,,,,GEONAMES:3532759,Arrecife Cayo Arcas,20.2055,-91.9609,2015,10,31,0,0,0,2015-10-31T00:00:00Z,,,
,WORMS:367527,Clibanarius tricolor,,,http://purl.obolibrary.org/obo/UBERON_0007021,sexually immature organism,http://purl.obolibrary.org/obo/RO_0002441,commensualistOf,,WORMS:877063,Phrontis alba,,,,,GEONAMES:3532759,Arrecife Cayo Arcas,20.2055,-91.9609,2015,10,31,0,0,0,2015-10-31T00:00:00Z,,,
,WORMS:367527,Clibanarius tricolor,,,http://purl.obolibrary.org/obo/UBERON_0007021,sexually immature organism,http://purl.obolibrary.org/obo/RO_0002441,commensualistOf,,WORMS:877063,Phrontis alba,,,,,GEONAMES:3532759,Arrecife Cayo Arcas,20.2055,-91.9609,2015,10,31,0,0,0,2015-10-31T00:00:00Z,,,
,WORMS:367527,Clibanarius tricolor,,,http://purl.obolibrary.org/obo/UBERON_0003101,male organism,http://purl.obolibrary.org/obo/RO_0002441,commensualistOf,,WORMS:420521,Bulla occidentalis,,,,,GEONAMES:3532759,Arrecife Cayo Arcas,20.2055,-91.9609,2015,10,31,0,0,0,2015-10-31T00:00:00Z,,,
,WORMS:367527,Clibanarius tricolor,,,http://purl.obolibrary.org/obo/UBERON_0003101,male organism,http://purl.obolibrary.org/obo/RO_0002441,commensualistOf,,WORMS:420521,Bulla occidentalis,,,,,GEONAMES:3532759,Arrecife Cayo Arcas,20.2055,-91.9609,2015,10,31,0,0,0,2015-10-31T00:00:00Z,,,
,WORMS:367527,Clibanarius tricolor,,,http://purl.obolibrary.org/obo/UBERON_0003101,male organism,http://purl.obolibrary.org/obo/RO_0002441,commensualistOf,,WORMS:216687,Cerithium litteratum,,,,,GEONAMES:3532759,Arrecife Cayo Arcas,20.2055,-91.9609,2015,10,31,0,0,0,2015-10-31T00:00:00Z,,,
,WORMS:367527,Clibanarius tricolor,,,http://purl.obolibrary.org/obo/UBERON_0003101,male organism,http://purl.obolibrary.org/obo/RO_0002441,commensualistOf,,WORMS:216687,Cerithium litteratum,,,,,GEONAMES:3532759,Arrecife Cayo Arcas,20.2055,-91.9609,2015,10,31,0,0,0,2015-10-31T00:00:00Z,,,
,WORMS:367527,Clibanarius tricolor,,,http://purl.obolibrary.org/obo/UBERON_0003100,female organism,http://purl.obolibrary.org/obo/RO_0002441,commensualistOf,,WORMS:216687,Cerithium litteratum,,,,,GEONAMES:3532759,Arrecife Cayo Arcas,20.2055,-91.9609,2015,10,31,0,0,0,2015-10-31T00:00:00Z,,,
,WORMS:367527,Clibanarius tricolor,,,,,http://purl.obolibrary.org/obo/RO_0002441,commensualistOf,,WORMS:419522,Cerithium lutosum,,,,,GEONAMES:3532759,Arrecife Cayo Arcas,20.2036,-91.9761,2016,1,1,0,0,0,2016-1-1T00:00:00Z,,,
,WORMS:366727,Pagurus marshi,,,,,http://purl.obolibrary.org/obo/RO_0002441,commensualistOf,,WORMS:216687,Cerithium litteratum,,,,,GEONAMES:3532759,Arrecife Cayo Arcas,20.2036,-91.9761,2016,1,1,0,0,0,2016-1-1T00:00:00Z,,,
,WORMS:367527,Clibanarius tricolor,,,,,http://purl.obolibrary.org/obo/RO_0002441,commensualistOf,,WORMS:419522,Cerithium lutosum,,,,,GEONAMES:3532759,Arrecife Cayo Arcas,20.2036,-91.9761,2016,1,1,0,0,0,2016-1-1T00:00:00Z,,,
,WORMS:367527,Clibanarius tricolor,,,http://purl.obolibrary.org/obo/UBERON_0003101,male organism,http://purl.obolibrary.org/obo/RO_0002441,commensualistOf,,WORMS:216687,Cerithium litteratum,,,,,GEONAMES:3532759,Arrecife Cayo Arcas,20.2036,-91.9761,2016,1,1,0,0,0,2016-1-1T00:00:00Z,,,
,WORMS:367527,Clibanarius tricolor,,,http://purl.obolibrary.org/obo/UBERON_0003100,female organism,http://purl.obolibrary.org/obo/RO_0002441,commensualistOf,,WORMS:419522,Cerithium lutosum,,,,,GEONAMES:3532759,Arrecife Cayo Arcas,20.2036,-91.9761,2016,1,1,0,0,0,2016-1-1T00:00:00Z,,,
,WORMS:367527,Clibanarius tricolor,,,http://purl.obolibrary.org/obo/UBERON_0003100,female organism,http://purl.obolibrary.org/obo/RO_0002441,commensualistOf,,WORMS:419522,Cerithium lutosum,,,,,GEONAMES:3532759,Arrecife Cayo Arcas,20.2036,-91.9761,2016,1,1,0,0,0,2016-1-1T00:00:00Z,,,
,WORMS:367527,Clibanarius tricolor,,,http://purl.obolibrary.org/obo/UBERON_0003101,male organism,http://purl.obolibrary.org/obo/RO_0002441,commensualistOf,,WORMS:419522,Cerithium lutosum,,,,,GEONAMES:3532759,Arrecife Cayo Arcas,20.2036,-91.9761,2016,1,1,0,0,0,2016-1-1T00:00:00Z,,,
,WORMS:367527,Clibanarius tricolor,,,http://purl.obolibrary.org/obo/UBERON_0003101,male organism,http://purl.obolibrary.org/obo/RO_0002441,commensualistOf,,WORMS:419522,Cerithium lutosum,,,,,GEONAMES:3532759,Arrecife Cayo Arcas,20.2036,-91.9761,2016,1,1,0,0,0,2016-1-1T00:00:00Z,,,
,WORMS:367527,Clibanarius tricolor,,,http://purl.obolibrary.org/obo/UBERON_0003100,female organism,http://purl.obolibrary.org/obo/RO_0002441,commensualistOf,,WORMS:420521,Bulla occidentalis,,,,,GEONAMES:3532759,Arrecife Cayo Arcas,20.2036,-91.9761,2016,1,1,0,0,0,2016-1-1T00:00:00Z,,,
,WORMS:367527,Clibanarius tricolor,,,http://purl.obolibrary.org/obo/UBERON_0003101,male organism,http://purl.obolibrary.org/obo/RO_0002441,commensualistOf,,WORMS:420521,Bulla occidentalis,,,,,GEONAMES:3532759,Arrecife Cayo Arcas,20.2036,-91.9761,2016,1,1,0,0,0,2016-1-1T00:00:00Z,,,
,WORMS:367527,Clibanarius tricolor,,,http://purl.obolibrary.org/obo/UBERON_0003101,male organism,http://purl.obolibrary.org/obo/RO_0002441,commensualistOf,,WORMS:877063,Phrontis alba,,,,,GEONAMES:3532759,Arrecife Cayo Arcas,20.2036,-91.9761,2016,1,1,0,0,0,2016-1-1T00:00:00Z,,,
,WORMS:367527,Clibanarius tricolor,,,http://purl.obolibrary.org/obo/UBERON_0003101,male organism,http://purl.obolibrary.org/obo/RO_0002441,commensualistOf,,WORMS:877063,Phrontis alba,,,,,GEONAMES:3532759,Arrecife Cayo Arcas,20.2036,-91.9761,2016,1,1,0,0,0,2016-1-1T00:00:00Z,,,
,WORMS:367527,Clibanarius tricolor,,,http://purl.obolibrary.org/obo/UBERON_0003101,male organism,http://purl.obolibrary.org/obo/RO_0002441,commensualistOf,,WORMS:877063,Phrontis alba,,,,,GEONAMES:3532759,Arrecife Cayo Arcas,20.2036,-91.9761,2016,1,1,0,0,0,2016-1-1T00:00:00Z,,,
,WORMS:367527,Clibanarius tricolor,,,http://purl.obolibrary.org/obo/UBERON_0003101,male organism,http://purl.obolibrary.org/obo/RO_0002441,commensualistOf,,WORMS:877063,Phrontis alba,,,,,GEONAMES:3532759,Arrecife Cayo Arcas,20.2036,-91.9761,2016,1,1,0,0,0,2016-1-1T00:00:00Z,,,
,WORMS:367527,Clibanarius tricolor,,,http://purl.obolibrary.org/obo/UBERON_0003101,male organism,http://purl.obolibrary.org/obo/RO_0002441,commensualistOf,,WORMS:877063,Phrontis alba,,,,,GEONAMES:3532759,Arrecife Cayo Arcas,20.2036,-91.9761,2016,1,1,0,0,0,2016-1-1T00:00:00Z,,,
,WORMS:367527,Clibanarius tricolor,,,,,http://purl.obolibrary.org/obo/RO_0002441,commensualistOf,,WORMS:419569,Tectarius antonii,,,,,GEONAMES:9291830,"Río Huach, Mahahual, Quitana Roo ",18.4197,-87.7617,2016,3,1,0,0,0,2016-3-1T00:00:00Z,,,
,WORMS:367527,Clibanarius tricolor,,,http://purl.obolibrary.org/obo/UBERON_0003101,male organism,http://purl.obolibrary.org/obo/RO_0002441,commensualistOf,,WORMS:419569,Tectarius antonii,,,,,GEONAMES:9291830,"Río Huach, Mahahual, Quitana Roo ",18.4197,-87.7617,2016,3,1,0,0,0,2016-3-1T00:00:00Z,,,
,WORMS:367527,Clibanarius tricolor,,,http://purl.obolibrary.org/obo/UBERON_0003101,male organism,http://purl.obolibrary.org/obo/RO_0002441,commensualistOf,,WORMS:419569,Tectarius antonii,,,,,GEONAMES:9291830,"Río Huach, Mahahual, Quitana Roo ",18.4197,-87.7617,2016,3,1,0,0,0,2016-3-1T00:00:00Z,,,
,WORMS:367527,Clibanarius tricolor,,,http://purl.obolibrary.org/obo/UBERON_0003101,male organism,http://purl.obolibrary.org/obo/RO_0002441,commensualistOf,,WORMS:419569,Tectarius antonii,,,,,GEONAMES:9291830,"Río Huach, Mahahual, Quitana Roo ",18.4197,-87.7617,2016,3,1,0,0,0,2016-3-1T00:00:00Z,,,
,WORMS:367527,Clibanarius tricolor,,,http://purl.obolibrary.org/obo/UBERON_0003101,male organism,http://purl.obolibrary.org/obo/RO_0002441,commensualistOf,,WORMS:419569,Tectarius antonii,,,,,GEONAMES:9291830,"Río Huach, Mahahual, Quitana Roo ",18.4197,-87.7617,2016,3,1,0,0,0,2016-3-1T00:00:00Z,,,
,WORMS:367527,Clibanarius tricolor,,,http://purl.obolibrary.org/obo/UBERON_0003101,male organism,http://purl.obolibrary.org/obo/RO_0002441,commensualistOf,,WORMS:419513,Puperita pupa,,,,,GEONAMES:9291830,"Río Huach, Mahahual, Quitana Roo ",18.4197,-87.7617,2016,3,1,0,0,0,2016-3-1T00:00:00Z,,,
,WORMS:367527,Clibanarius tricolor,,,http://purl.obolibrary.org/obo/UBERON_0003101,male organism,http://purl.obolibrary.org/obo/RO_0002441,commensualistOf,,WORMS:419513,Puperita pupa,,,,,GEONAMES:9291830,"Río Huach, Mahahual, Quitana Roo ",18.4197,-87.7617,2016,3,1,0,0,0,2016-3-1T00:00:00Z,,,
,WORMS:367527,Clibanarius tricolor,,,http://purl.obolibrary.org/obo/UBERON_0003101,male organism,http://purl.obolibrary.org/obo/RO_0002441,commensualistOf,,WORMS:419513,Puperita pupa,,,,,GEONAMES:9291830,"Río Huach, Mahahual, Quitana Roo ",18.4197,-87.7617,2016,3,1,0,0,0,2016-3-1T00:00:00Z,,,
,WORMS:367527,Clibanarius tricolor,,,http://purl.obolibrary.org/obo/UBERON_0003101,male organism,http://purl.obolibrary.org/obo/RO_0002441,commensualistOf,,WORMS:419513,Puperita pupa,,,,,GEONAMES:9291830,"Río Huach, Mahahual, Quitana Roo ",18.4197,-87.7617,2016,3,1,0,0,0,2016-3-1T00:00:00Z,,,
,WORMS:367527,Clibanarius tricolor,,,http://purl.obolibrary.org/obo/UBERON_0003101,male organism,http://purl.obolibrary.org/obo/RO_0002441,commensualistOf,,WORMS:419557,Cenchritis muricatus,,,,,GEONAMES:9291830,"Río Huach, Mahahual, Quitana Roo ",18.4197,-87.7617,2016,3,1,0,0,0,2016-3-1T00:00:00Z,,,
,WORMS:367527,Clibanarius tricolor,,,http://purl.obolibrary.org/obo/UBERON_0003101,male organism,http://purl.obolibrary.org/obo/RO_0002441,commensualistOf,,WORMS:419558,Echinolittorina angustior,,,,,GEONAMES:9291830,"Río Huach, Mahahual, Quitana Roo ",18.4197,-87.7617,2016,3,1,0,0,0,2016-3-1T00:00:00Z,,,
,WORMS:367527,Clibanarius tricolor,,,http://purl.obolibrary.org/obo/UBERON_0003100,female organism,http://purl.obolibrary.org/obo/RO_0002441,commensualistOf,,WORMS:419558,Echinolittorina angustior,,,,,GEONAMES:9291830,"Río Huach, Mahahual, Quitana Roo ",18.4197,-87.7617,2016,3,1,0,0,0,2016-3-1T00:00:00Z,,,
,WORMS:367527,Clibanarius tricolor,,,http://purl.obolibrary.org/obo/UBERON_0003101,male organism,http://purl.obolibrary.org/obo/RO_0002441,commensualistOf,,WORMS:419558,Echinolittorina angustior,,,,,GEONAMES:9291830,"Río Huach, Mahahual, Quitana Roo ",18.4197,-87.7617,2016,3,1,0,0,0,2016-3-1T00:00:00Z,,,
,WORMS:367527,Clibanarius tricolor,,,http://purl.obolibrary.org/obo/UBERON_0003100,female organism,http://purl.obolibrary.org/obo/RO_0002441,commensualistOf,,WORMS:419558,Echinolittorina angustior,,,,,GEONAMES:9291830,"Río Huach, Mahahual, Quitana Roo ",18.4197,-87.7617,2016,3,1,0,0,0,2016-3-1T00:00:00Z,,,
,WORMS:367527,Clibanarius tricolor,,,http://purl.obolibrary.org/obo/UBERON_0003100,female organism,http://purl.obolibrary.org/obo/RO_0002441,commensualistOf,,WORMS:224584,Angiola lineata,,,,,GEONAMES:9291830,"Río Huach, Mahahual, Quitana Roo ",18.4197,-87.7617,2016,3,1,0,0,0,2016-3-1T00:00:00Z,,,
,WORMS:367527,Clibanarius tricolor,,,http://purl.obolibrary.org/obo/UBERON_0003101,male organism,http://purl.obolibrary.org/obo/RO_0002441,commensualistOf,,WORMS:123386,Echinus,,,,,GEONAMES:9291830,"Río Huach, Mahahual, Quitana Roo ",18.4197,-87.7617,2016,3,1,0,0,0,2016-3-1T00:00:00Z,,,
,WORMS:367527,Clibanarius tricolor,,,http://purl.obolibrary.org/obo/UBERON_0003101,male organism,http://purl.obolibrary.org/obo/RO_0002441,commensualistOf,,WORMS:123386,Echinus,,,,,GEONAMES:9291830,"Río Huach, Mahahual, Quitana Roo ",18.4197,-87.7617,2016,3,1,0,0,0,2016-3-1T00:00:00Z,,,
,WORMS:367527,Clibanarius tricolor,,,http://purl.obolibrary.org/obo/UBERON_0003101,male organism,http://purl.obolibrary.org/obo/RO_0002441,commensualistOf,,WORMS:419523,Cerithium muscarum,,,,,GEONAMES:9291830,"Río Huach, Mahahual, Quitana Roo ",18.4197,-87.7617,2016,3,1,0,0,0,2016-3-1T00:00:00Z,,,
,WORMS:367527,Clibanarius tricolor,,,http://purl.obolibrary.org/obo/UBERON_0003101,male organism,http://purl.obolibrary.org/obo/RO_0002441,commensualistOf,,WORMS:419523,Cerithium muscarum,,,,,GEONAMES:9291830,"Río Huach, Mahahual, Quitana Roo ",18.4197,-87.7617,2016,3,1,0,0,0,2016-3-1T00:00:00Z,,,
,WORMS:367457,Calcinus tibicen,,,http://purl.obolibrary.org/obo/UBERON_0003101,male organism,http://purl.obolibrary.org/obo/RO_0002441,commensualistOf,,WORMS:101,Gastropoda,,,,,GEONAMES:9291830,"Río Huach, Mahahual, Quitana Roo ",18.4197,-87.7617,2016,3,1,0,0,0,2016-3-1T00:00:00Z,,,
,WORMS:367527,Clibanarius tricolor,,,http://purl.obolibrary.org/obo/UBERON_0003101,male organism,http://purl.obolibrary.org/obo/RO_0002441,commensualistOf,,WORMS:419505,Nerita tessellata,,,,,GEONAMES:9291830,"Río Huach, Mahahual, Quitana Roo ",18.4197,-87.7617,2016,3,1,0,0,0,2016-3-1T00:00:00Z,,,
,WORMS:367527,Clibanarius tricolor,,,http://purl.obolibrary.org/obo/UBERON_0003101,male organism,http://purl.obolibrary.org/obo/RO_0002441,commensualistOf,,WORMS:419505,Nerita tessellata,,,,,GEONAMES:9291830,"Río Huach, Mahahual, Quitana Roo ",18.4197,-87.7617,2016,3,1,0,0,0,2016-3-1T00:00:00Z,,,
,WORMS:367527,Clibanarius tricolor,,,http://purl.obolibrary.org/obo/UBERON_0003101,male organism,http://purl.obolibrary.org/obo/RO_0002441,commensualistOf,,WORMS:419505,Nerita tessellata,,,,,GEONAMES:9291830,"Río Huach, Mahahual, Quitana Roo ",18.4197,-87.7617,2016,3,1,0,0,0,2016-3-1T00:00:00Z,,,
,WORMS:367527,Clibanarius tricolor,,,http://purl.obolibrary.org/obo/UBERON_0003101,male organism,http://purl.obolibrary.org/obo/RO_0002441,commensualistOf,,WORMS:419505,Nerita tessellata,,,,,GEONAMES:9291830,"Río Huach, Mahahual, Quitana Roo ",18.4197,-87.7617,2016,3,1,0,0,0,2016-3-1T00:00:00Z,,,
,WORMS:367527,Clibanarius tricolor,,,http://purl.obolibrary.org/obo/UBERON_0003100,female organism,http://purl.obolibrary.org/obo/RO_0002441,commensualistOf,,WORMS:419505,Nerita tessellata,,,,,GEONAMES:9291830,"Río Huach, Mahahual, Quitana Roo ",18.4197,-87.7617,2016,3,1,0,0,0,2016-3-1T00:00:00Z,,,
,WORMS:367527,Clibanarius tricolor,,,http://purl.obolibrary.org/obo/UBERON_0003101,male organism,http://purl.obolibrary.org/obo/RO_0002441,commensualistOf,,WORMS:419505,Nerita tessellata,,,,,GEONAMES:9291830,"Río Huach, Mahahual, Quitana Roo ",18.4197,-87.7617,2016,3,1,0,0,0,2016-3-1T00:00:00Z,,,
,WORMS:367527,Clibanarius tricolor,,,http://purl.obolibrary.org/obo/UBERON_0003101,male organism,http://purl.obolibrary.org/obo/RO_0002441,commensualistOf,,WORMS:419505,Nerita tessellata,,,,,GEONAMES:9291830,"Río Huach, Mahahual, Quitana Roo ",18.4197,-87.7617,2016,3,1,0,0,0,2016-3-1T00:00:00Z,,,
,WORMS:367527,Clibanarius tricolor,,,http://purl.obolibrary.org/obo/UBERON_0003101,male organism,http://purl.obolibrary.org/obo/RO_0002441,commensualistOf,,WORMS:419505,Nerita tessellata,,,,,GEONAMES:9291830,"Río Huach, Mahahual, Quitana Roo ",18.4197,-87.7617,2016,3,1,0,0,0,2016-3-1T00:00:00Z,,,
,WORMS:367527,Clibanarius tricolor,,,http://purl.obolibrary.org/obo/UBERON_0003101,male organism,http://purl.obolibrary.org/obo/RO_0002441,commensualistOf,,WORMS:419505,Nerita tessellata,,,,,GEONAMES:9291830,"Río Huach, Mahahual, Quitana Roo ",18.4197,-87.7617,2016,3,1,0,0,0,2016-3-1T00:00:00Z,,,
,WORMS:367527,Clibanarius tricolor,,,http://purl.obolibrary.org/obo/UBERON_0003101,male organism,http://purl.obolibrary.org/obo/RO_0002441,commensualistOf,,WORMS:419505,Nerita tessellata,,,,,GEONAMES:9291830,"Río Huach, Mahahual, Quitana Roo ",18.4197,-87.7617,2016,3,1,0,0,0,2016-3-1T00:00:00Z,,,
,WORMS:367527,Clibanarius tricolor,,,http://purl.obolibrary.org/obo/UBERON_0003101,male organism,http://purl.obolibrary.org/obo/RO_0002441,commensualistOf,,WORMS:419505,Nerita tessellata,,,,,GEONAMES:9291830,"Río Huach, Mahahual, Quitana Roo ",18.4197,-87.7617,2016,3,1,0,0,0,2016-3-1T00:00:00Z,,,
,WORMS:367527,Clibanarius tricolor,,,http://purl.obolibrary.org/obo/UBERON_0003101,male organism,http://purl.obolibrary.org/obo/RO_0002441,commensualistOf,,WORMS:419505,Nerita tessellata,,,,,GEONAMES:9291830,"Río Huach, Mahahual, Quitana Roo ",18.4197,-87.7617,2016,3,1,0,0,0,2016-3-1T00:00:00Z,,,
,WORMS:367527,Clibanarius tricolor,,,http://purl.obolibrary.org/obo/UBERON_0003101,male organism,http://purl.obolibrary.org/obo/RO_0002441,commensualistOf,,WORMS:419505,Nerita tessellata,,,,,GEONAMES:9291830,"Río Huach, Mahahual, Quitana Roo ",18.4197,-87.7617,2016,3,1,0,0,0,2016-3-1T00:00:00Z,,,
,WORMS:367527,Clibanarius tricolor,,,http://purl.obolibrary.org/obo/UBERON_0003101,male organism,http://purl.obolibrary.org/obo/RO_0002441,commensualistOf,,WORMS:419505,Nerita tessellata,,,,,GEONAMES:9291830,"Río Huach, Mahahual, Quitana Roo ",18.4197,-87.7617,2016,3,1,0,0,0,2016-3-1T00:00:00Z,,,
,WORMS:367527,Clibanarius tricolor,,,http://purl.obolibrary.org/obo/UBERON_0003101,male organism,http://purl.obolibrary.org/obo/RO_0002441,commensualistOf,,WORMS:419505,Nerita tessellata,,,,,GEONAMES:9291830,"Río Huach, Mahahual, Quitana Roo ",18.4197,-87.7617,2016,3,1,0,0,0,2016-3-1T00:00:00Z,,,
,WORMS:367527,Clibanarius tricolor,,,http://purl.obolibrary.org/obo/UBERON_0003101,male organism,http://purl.obolibrary.org/obo/RO_0002441,commensualistOf,,WORMS:419505,Nerita tessellata,,,,,GEONAMES:9291830,"Río Huach, Mahahual, Quitana Roo ",18.4197,-87.7617,2016,3,1,0,0,0,2016-3-1T00:00:00Z,,,
,WORMS:367527,Clibanarius tricolor,,,http://purl.obolibrary.org/obo/UBERON_0003101,male organism,http://purl.obolibrary.org/obo/RO_0002441,commensualistOf,,WORMS:419505,Nerita tessellata,,,,,GEONAMES:9291830,"Río Huach, Mahahual, Quitana Roo ",18.4197,-87.7617,2016,3,1,0,0,0,2016-3-1T00:00:00Z,,,
,WORMS:368306,Paguristes wassi,,,http://purl.obolibrary.org/obo/UBERON_0003101,male organism,http://purl.obolibrary.org/obo/RO_0002441,commensualistOf,,WORMS:216687,Cerithium litteratum,,,,,GEONAMES:3532759,Arrecife Cayo Arcas,20.2036,-91.9605,2016,4,21,0,0,0,2016-4-21T00:00:00Z,,,
,WORMS:367527,Clibanarius tricolor,,,http://purl.obolibrary.org/obo/UBERON_0003101,male organism,http://purl.obolibrary.org/obo/RO_0002441,commensualistOf,,WORMS:877063,Phrontis alba,,,,,GEONAMES:3532759,Arrecife Cayo Arcas,20.2019,-91.9759,2016,4,25,0,0,0,2016-4-25T00:00:00Z,,,
,WORMS:367527,Clibanarius tricolor,,,http://purl.obolibrary.org/obo/UBERON_0003101,male organism,http://purl.obolibrary.org/obo/RO_0002441,commensualistOf,,WORMS:420521,Bulla occidentalis,,,,,GEONAMES:3532759,Arrecife Cayo Arcas,20.2019,-91.9759,2016,4,25,0,0,0,2016-4-25T00:00:00Z,,,
,WORMS:367527,Clibanarius tricolor,,,http://purl.obolibrary.org/obo/UBERON_0003101,male organism,http://purl.obolibrary.org/obo/RO_0002441,commensualistOf,,WORMS:419529,Modulus modulus,,,,,GEONAMES:3532759,Arrecife Cayo Arcas,20.2019,-91.9759,2016,4,25,0,0,0,2016-4-25T00:00:00Z,,,
,WORMS:367527,Clibanarius tricolor,,,http://purl.obolibrary.org/obo/UBERON_0003100,female organism,http://purl.obolibrary.org/obo/RO_0002441,commensualistOf,,WORMS:419522,Cerithium lutosum,,,,,GEONAMES:3532759,Arrecife Cayo Arcas,20.2019,-91.9759,2016,4,25,0,0,0,2016-4-25T00:00:00Z,,,
,WORMS:367527,Clibanarius tricolor,,,http://purl.obolibrary.org/obo/UBERON_0003101,male organism,http://purl.obolibrary.org/obo/RO_0002441,commensualistOf,,WORMS:419522,Cerithium lutosum,,,,,GEONAMES:3532759,Arrecife Cayo Arcas,20.2019,-91.9759,2016,4,25,0,0,0,2016-4-25T00:00:00Z,,,
,WORMS:367527,Clibanarius tricolor,,,http://purl.obolibrary.org/obo/UBERON_0003101,male organism,http://purl.obolibrary.org/obo/RO_0002441,commensualistOf,,WORMS:419522,Cerithium lutosum,,,,,GEONAMES:3532759,Arrecife Cayo Arcas,20.2019,-91.9759,2016,4,25,0,0,0,2016-4-25T00:00:00Z,,,
,WORMS:367527,Clibanarius tricolor,,,http://purl.obolibrary.org/obo/UBERON_0003101,male organism,http://purl.obolibrary.org/obo/RO_0002441,commensualistOf,,WORMS:419522,Cerithium lutosum,,,,,GEONAMES:3532759,Arrecife Cayo Arcas,20.2019,-91.9759,2016,4,25,0,0,0,2016-4-25T00:00:00Z,,,
,WORMS:367527,Clibanarius tricolor,,,http://purl.obolibrary.org/obo/UBERON_0003101,male organism,http://purl.obolibrary.org/obo/RO_0002441,commensualistOf,,WORMS:419522,Cerithium lutosum,,,,,GEONAMES:3532759,Arrecife Cayo Arcas,20.2019,-91.9759,2016,4,25,0,0,0,2016-4-25T00:00:00Z,,,
,WORMS:367527,Clibanarius tricolor,,,http://purl.obolibrary.org/obo/UBERON_0003100,female organism,http://purl.obolibrary.org/obo/RO_0002441,commensualistOf,,WORMS:419522,Cerithium lutosum,,,,,GEONAMES:3532759,Arrecife Cayo Arcas,20.2116,-91.9757,2016,4,24,0,0,0,2016-4-24T00:00:00Z,,,
,WORMS:367527,Clibanarius tricolor,,,http://purl.obolibrary.org/obo/UBERON_0003100,female organism,http://purl.obolibrary.org/obo/RO_0002441,commensualistOf,,WORMS:137760,Cerithium,,,,,GEONAMES:3532759,Arrecife Cayo Arcas,20.2116,-91.9757,2016,4,24,0,0,0,2016-4-24T00:00:00Z,,,
,WORMS:367527,Clibanarius tricolor,,,http://purl.obolibrary.org/obo/UBERON_0003101,male organism,http://purl.obolibrary.org/obo/RO_0002441,commensualistOf,,WORMS:137760,Cerithium,,,,,GEONAMES:3532759,Arrecife Cayo Arcas,20.2116,-91.9757,2016,4,24,0,0,0,2016-4-24T00:00:00Z,,,
,WORMS:367492,Clibanarius antillensis,,,http://purl.obolibrary.org/obo/UBERON_0003101,male organism,http://purl.obolibrary.org/obo/RO_0002441,commensualistOf,,WORMS:224584,Angiola lineata,,,,,GEONAMES:3532759,Arrecife Cayo Arcas,20.2036,-91.9605,2016,4,21,0,0,0,2016-4-21T00:00:00Z,,,
,WORMS:367457,Calcinus tibicen,,,http://purl.obolibrary.org/obo/UBERON_0003100,female organism,http://purl.obolibrary.org/obo/RO_0002441,commensualistOf,,WORMS:216687,Cerithium litteratum,,,,,GEONAMES:3533115,Arrecife Alacranes,22.3682,-89.6736,2016,5,23,0,0,0,2016-5-23T00:00:00Z,,,
,WORMS:367457,Calcinus tibicen,,,http://purl.obolibrary.org/obo/UBERON_0003101,male organism,http://purl.obolibrary.org/obo/RO_0002441,commensualistOf,,WORMS:216687,Cerithium litteratum,,,,,GEONAMES:3533115,Arrecife Alacranes,22.3682,-89.6736,2016,5,23,0,0,0,2016-5-23T00:00:00Z,,,
,WORMS:367527,Clibanarius tricolor,,,http://purl.obolibrary.org/obo/UBERON_0003100,female organism,http://purl.obolibrary.org/obo/RO_0002441,commensualistOf,,WORMS:216687,Cerithium litteratum,,,,,GEONAMES:3533115,Arrecife Alacranes,22.3682,-89.6736,2016,5,23,0,0,0,2016-5-23T00:00:00Z,,,
,WORMS:367457,Calcinus tibicen,,,http://purl.obolibrary.org/obo/UBERON_0003101,male organism,http://purl.obolibrary.org/obo/RO_0002441,commensualistOf,,WORMS:419521,Cerithium eburneum,,,,,GEONAMES:3533115,Arrecife Alacranes,22.3682,-89.6736,2016,5,23,0,0,0,2016-5-23T00:00:00Z,,,
,WORMS:367457,Calcinus tibicen,,,,,http://purl.obolibrary.org/obo/RO_0002441,commensualistOf,,WORMS:419521,Cerithium eburneum,,,,,GEONAMES:3533115,Arrecife Alacranes,22.3682,-89.6736,2016,5,23,0,0,0,2016-5-23T00:00:00Z,,,
,WORMS:368299,Paguristes tortugae,,,http://purl.obolibrary.org/obo/UBERON_0003100,female organism,http://purl.obolibrary.org/obo/RO_0002441,commensualistOf,,WORMS:413407,Lithopoma americanum,,,,,GEONAMES:3533115,Arrecife Alacranes,22.3921,-89.6678,2016,5,24,0,0,0,2016-5-24T00:00:00Z,,,
,WORMS:368299,Paguristes tortugae,,,http://purl.obolibrary.org/obo/UBERON_0003101,male organism,http://purl.obolibrary.org/obo/RO_0002441,commensualistOf,,WORMS:137760,Cerithium,,,,,GEONAMES:3533115,Arrecife Alacranes,22.3973,-89.6777,2016,5,21,0,0,0,2016-5-21T00:00:00Z,,,
,WORMS:368215,Paguristes cadenati,,,http://purl.obolibrary.org/obo/UBERON_0003101,male organism,http://purl.obolibrary.org/obo/RO_0002441,commensualistOf,,WORMS:419521,Cerithium eburneum,,,,,GEONAMES:3533115,Arrecife Alacranes,22.4175,-89.7398,2016,5,22,0,0,0,2016-5-22T00:00:00Z,,,
,WORMS:367492,Clibanarius antillensis,,,http://purl.obolibrary.org/obo/UBERON_0003100,female organism,http://purl.obolibrary.org/obo/RO_0002441,commensualistOf,,WORMS:419522,Cerithium lutosum,,,,,GEONAMES:3533115,Arrecife Alacranes,22.3821,-89.6828,2016,5,21,0,0,0,2016-5-21T00:00:00Z,,,
,WORMS:367492,Clibanarius antillensis,,,http://purl.obolibrary.org/obo/UBERON_0003100,female organism,http://purl.obolibrary.org/obo/RO_0002441,commensualistOf,,WORMS:419522,Cerithium lutosum,,,,,GEONAMES:3533115,Arrecife Alacranes,22.3821,-89.6828,2016,5,21,0,0,0,2016-5-21T00:00:00Z,,,
,WORMS:367492,Clibanarius antillensis,,,http://purl.obolibrary.org/obo/UBERON_0003100,female organism,http://purl.obolibrary.org/obo/RO_0002441,commensualistOf,,WORMS:101,Gastropoda,,,,,GEONAMES:3533115,Arrecife Alacranes,22.3821,-89.6828,2016,5,21,0,0,0,2016-5-21T00:00:00Z,,,
,WORMS:367492,Clibanarius antillensis,,,http://purl.obolibrary.org/obo/UBERON_0003101,male organism,http://purl.obolibrary.org/obo/RO_0002441,commensualistOf,,WORMS:419522,Cerithium lutosum,,,,,GEONAMES:3533115,Arrecife Alacranes,22.3821,-89.6828,2016,5,21,0,0,0,2016-5-21T00:00:00Z,,,
,WORMS:367492,Clibanarius antillensis,,,http://purl.obolibrary.org/obo/UBERON_0003100,female organism,http://purl.obolibrary.org/obo/RO_0002441,commensualistOf,,WORMS:224584,Angiola lineata,,,,,GEONAMES:3533115,Arrecife Alacranes,22.3821,-89.6828,2016,5,21,0,0,0,2016-5-21T00:00:00Z,,,
,WORMS:367527,Clibanarius tricolor,,,http://purl.obolibrary.org/obo/UBERON_0003101,male organism,http://purl.obolibrary.org/obo/RO_0002441,commensualistOf,,WORMS:216687,Cerithium litteratum,,,,,GEONAMES:3533115,Arrecife Alacranes,22.4175,-89.7406,2016,5,22,0,0,0,2016-5-22T00:00:00Z,,,
,WORMS:367527,Clibanarius tricolor,,,http://purl.obolibrary.org/obo/UBERON_0003101,male organism,http://purl.obolibrary.org/obo/RO_0002441,commensualistOf,,WORMS:216687,Cerithium litteratum,,,,,GEONAMES:3533115,Arrecife Alacranes,22.4175,-89.7406,2016,5,22,0,0,0,2016-5-22T00:00:00Z,,,
,WORMS:367527,Clibanarius tricolor,,,http://purl.obolibrary.org/obo/UBERON_0003100,female organism,http://purl.obolibrary.org/obo/RO_0002441,commensualistOf,,WORMS:419521,Cerithium eburneum,,,,,GEONAMES:3533115,Arrecife Alacranes,22.4175,-89.7406,2016,5,22,0,0,0,2016-5-22T00:00:00Z,,,
,WORMS:367527,Clibanarius tricolor,,,http://purl.obolibrary.org/obo/UBERON_0003100,female organism,http://purl.obolibrary.org/obo/RO_0002441,commensualistOf,,WORMS:419521,Cerithium eburneum,,,,,GEONAMES:3533115,Arrecife Alacranes,22.4175,-89.7406,2016,5,22,0,0,0,2016-5-22T00:00:00Z,,,
,WORMS:367527,Clibanarius tricolor,,,http://purl.obolibrary.org/obo/UBERON_0003100,female organism,http://purl.obolibrary.org/obo/RO_0002441,commensualistOf,,WORMS:419521,Cerithium eburneum,,,,,GEONAMES:3533115,Arrecife Alacranes,22.4175,-89.7406,2016,5,22,0,0,0,2016-5-22T00:00:00Z,,,
,WORMS:367527,Clibanarius tricolor,,,http://purl.obolibrary.org/obo/UBERON_0003100,female organism,http://purl.obolibrary.org/obo/RO_0002441,commensualistOf,,WORMS:137760,Cerithium,,,,,GEONAMES:3533115,Arrecife Alacranes,22.4175,-89.7406,2016,5,22,0,0,0,2016-5-22T00:00:00Z,,,
,WORMS:367527,Clibanarius tricolor,,,http://purl.obolibrary.org/obo/UBERON_0003100,female organism,http://purl.obolibrary.org/obo/RO_0002441,commensualistOf,,WORMS:419521,Cerithium eburneum,,,,,GEONAMES:3533115,Arrecife Alacranes,22.4175,-89.7406,2016,5,22,0,0,0,2016-5-22T00:00:00Z,,,
,WORMS:367527,Clibanarius tricolor,,,http://purl.obolibrary.org/obo/UBERON_0003100,female organism,http://purl.obolibrary.org/obo/RO_0002441,commensualistOf,,WORMS:419521,Cerithium eburneum,,,,,GEONAMES:3533115,Arrecife Alacranes,22.4175,-89.7406,2016,5,22,0,0,0,2016-5-22T00:00:00Z,,,
,WORMS:367527,Clibanarius tricolor,,,http://purl.obolibrary.org/obo/UBERON_0003100,female organism,http://purl.obolibrary.org/obo/RO_0002441,commensualistOf,,WORMS:419521,Cerithium eburneum,,,,,GEONAMES:3533115,Arrecife Alacranes,22.4175,-89.7406,2016,5,22,0,0,0,2016-5-22T00:00:00Z,,,
,WORMS:367527,Clibanarius tricolor,,,http://purl.obolibrary.org/obo/UBERON_0003101,male organism,http://purl.obolibrary.org/obo/RO_0002441,commensualistOf,,WORMS:419521,Cerithium eburneum,,,,,GEONAMES:3533115,Arrecife Alacranes,22.4175,-89.7406,2016,5,22,0,0,0,2016-5-22T00:00:00Z,,,
,WORMS:367527,Clibanarius tricolor,,,http://purl.obolibrary.org/obo/UBERON_0003101,male organism,http://purl.obolibrary.org/obo/RO_0002441,commensualistOf,,WORMS:419521,Cerithium eburneum,,,,,GEONAMES:3533115,Arrecife Alacranes,22.4175,-89.7406,2016,5,22,0,0,0,2016-5-22T00:00:00Z,,,
,WORMS:367527,Clibanarius tricolor,,,http://purl.obolibrary.org/obo/UBERON_0003101,male organism,http://purl.obolibrary.org/obo/RO_0002441,commensualistOf,,WORMS:419521,Cerithium eburneum,,,,,GEONAMES:3533115,Arrecife Alacranes,22.4175,-89.7406,2016,5,22,0,0,0,2016-5-22T00:00:00Z,,,
,WORMS:367527,Clibanarius tricolor,,,http://purl.obolibrary.org/obo/UBERON_0003100,female organism,http://purl.obolibrary.org/obo/RO_0002441,commensualistOf,,WORMS:419521,Cerithium eburneum,,,,,GEONAMES:3533115,Arrecife Alacranes,22.4175,-89.7406,2016,5,22,0,0,0,2016-5-22T00:00:00Z,,,
,WORMS:367527,Clibanarius tricolor,,,http://purl.obolibrary.org/obo/UBERON_0003101,male organism,http://purl.obolibrary.org/obo/RO_0002441,commensualistOf,,WORMS:419521,Cerithium eburneum,,,,,GEONAMES:3533115,Arrecife Alacranes,22.4175,-89.7406,2016,5,22,0,0,0,2016-5-22T00:00:00Z,,,
,WORMS:367527,Clibanarius tricolor,,,http://purl.obolibrary.org/obo/UBERON_0003100,female organism,http://purl.obolibrary.org/obo/RO_0002441,commensualistOf,,WORMS:419521,Cerithium eburneum,,,,,GEONAMES:3533115,Arrecife Alacranes,22.4175,-89.7406,2016,5,22,0,0,0,2016-5-22T00:00:00Z,,,
,WORMS:367527,Clibanarius tricolor,,,http://purl.obolibrary.org/obo/UBERON_0003101,male organism,http://purl.obolibrary.org/obo/RO_0002441,commensualistOf,,WORMS:216687,Cerithium litteratum,,,,,GEONAMES:3533115,Arrecife Alacranes,22.4175,-89.7406,2016,5,22,0,0,0,2016-5-22T00:00:00Z,,,
,WORMS:367527,Clibanarius tricolor,,,http://purl.obolibrary.org/obo/UBERON_0003100,female organism,http://purl.obolibrary.org/obo/RO_0002441,commensualistOf,,WORMS:216687,Cerithium litteratum,,,,,GEONAMES:3533115,Arrecife Alacranes,22.4175,-89.7406,2016,5,22,0,0,0,2016-5-22T00:00:00Z,,,
,WORMS:367527,Clibanarius tricolor,,,http://purl.obolibrary.org/obo/UBERON_0003100,female organism,http://purl.obolibrary.org/obo/RO_0002441,commensualistOf,,WORMS:216687,Cerithium litteratum,,,,,GEONAMES:3533115,Arrecife Alacranes,22.4175,-89.7406,2016,5,22,0,0,0,2016-5-22T00:00:00Z,,,
,WORMS:367527,Clibanarius tricolor,,,http://purl.obolibrary.org/obo/UBERON_0003101,male organism,http://purl.obolibrary.org/obo/RO_0002441,commensualistOf,,WORMS:419521,Cerithium eburneum,,,,,GEONAMES:3533115,Arrecife Alacranes,22.4175,-89.7406,2016,5,22,0,0,0,2016-5-22T00:00:00Z,,,
,WORMS:367457,Calcinus tibicen,,,http://purl.obolibrary.org/obo/UBERON_0003100,female organism,http://purl.obolibrary.org/obo/RO_0002441,commensualistOf,,WORMS:216687,Cerithium litteratum,,,,,GEONAMES:3533115,Arrecife Alacranes,22.3819,-89.6951,2016,5,17,0,0,0,2016-5-17T00:00:00Z,,,
,WORMS:367457,Calcinus tibicen,,,http://purl.obolibrary.org/obo/UBERON_0003100,female organism,http://purl.obolibrary.org/obo/RO_0002441,commensualistOf,,WORMS:216687,Cerithium litteratum,,,,,GEONAMES:3533115,Arrecife Alacranes,22.3819,-89.6951,2016,5,17,0,0,0,2016-5-17T00:00:00Z,,,
,WORMS:367457,Calcinus tibicen,,,http://purl.obolibrary.org/obo/UBERON_0003101,male organism,http://purl.obolibrary.org/obo/RO_0002441,commensualistOf,,WORMS:216687,Cerithium litteratum,,,,,GEONAMES:3533115,Arrecife Alacranes,22.3819,-89.6951,2016,5,17,0,0,0,2016-5-17T00:00:00Z,,,
,WORMS:368215,Paguristes cadenati,,,http://purl.obolibrary.org/obo/UBERON_0007021,sexually immature organism,http://purl.obolibrary.org/obo/RO_0002441,commensualistOf,,WORMS:216687,Cerithium litteratum,,,,,GEONAMES:3533115,Arrecife Alacranes,22.3822,-89.6953,2016,5,19,0,0,0,2016-5-19T00:00:00Z,,,
,WORMS:368306,Paguristes wassi,,,http://purl.obolibrary.org/obo/UBERON_0003101,male organism,http://purl.obolibrary.org/obo/RO_0002441,commensualistOf,,WORMS:419521,Cerithium eburneum,,,,,GEONAMES:3533115,Arrecife Alacranes,22.3822,-89.6953,2016,5,19,0,0,0,2016-5-19T00:00:00Z,,,
,WORMS:368306,Paguristes wassi,,,http://purl.obolibrary.org/obo/UBERON_0003101,male organism,http://purl.obolibrary.org/obo/RO_0002441,commensualistOf,,WORMS:419521,Cerithium eburneum,,,,,GEONAMES:3533115,Arrecife Alacranes,22.3822,-89.6953,2016,5,19,0,0,0,2016-5-19T00:00:00Z,,,
,WORMS:368306,Paguristes wassi,,,,,http://purl.obolibrary.org/obo/RO_0002441,commensualistOf,,WORMS:419521,Cerithium eburneum,,,,,GEONAMES:3533115,Arrecife Alacranes,22.3822,-89.6953,2016,5,19,0,0,0,2016-5-19T00:00:00Z,,,
,WORMS:367457,Calcinus tibicen,,,http://purl.obolibrary.org/obo/UBERON_0003101,male organism,http://purl.obolibrary.org/obo/RO_0002441,commensualistOf,,WORMS:216687,Cerithium litteratum,,,,,GEONAMES:3715361,Arrecife Cayo Nuevo,21.8278,-92.1101,2016,6,15,0,0,0,2016-6-15T00:00:00Z,,,
,WORMS:367457,Calcinus tibicen,,,http://purl.obolibrary.org/obo/UBERON_0003101,male organism,http://purl.obolibrary.org/obo/RO_0002441,commensualistOf,,WORMS:216687,Cerithium litteratum,,,,,GEONAMES:3715361,Arrecife Cayo Nuevo,21.8278,-92.1101,2016,6,15,0,0,0,2016-6-15T00:00:00Z,,,
,WORMS:366662,Pagurus brevidactylus,,,http://purl.obolibrary.org/obo/UBERON_0003100,female organism,http://purl.obolibrary.org/obo/RO_0002441,commensualistOf,,WORMS:419521,Cerithium eburneum,,,,,GEONAMES:3715361,Arrecife Cayo Nuevo,21.8278,-92.1114,2016,6,18,0,0,0,2016-6-18T00:00:00Z,,,
,WORMS:366662,Pagurus brevidactylus,,,http://purl.obolibrary.org/obo/UBERON_0003100,female organism,http://purl.obolibrary.org/obo/RO_0002441,commensualistOf,,WORMS:216687,Cerithium litteratum,,,,,GEONAMES:3533115,Arrecife Alacranes,22.5788,-89.7636,2016,6,25,0,0,0,2016-6-25T00:00:00Z,,,
,WORMS:366662,Pagurus brevidactylus,,,http://purl.obolibrary.org/obo/UBERON_0007021,sexually immature organism,http://purl.obolibrary.org/obo/RO_0002441,commensualistOf,,WORMS:137760,Cerithium,,,,,GEONAMES:3715361,Arrecife Cayo Nuevo,21.8278,-92.1101,2016,6,18,0,0,0,2016-6-18T00:00:00Z,,,
,WORMS:366800,Pagurus stimpsoni,,,http://purl.obolibrary.org/obo/UBERON_0003101,male organism,http://purl.obolibrary.org/obo/RO_0002441,commensualistOf,,WORMS:419521,Cerithium eburneum,,,,,GEONAMES:3533115,Arrecife Alacranes,22.4771,-89.7704,2016,6,22,0,0,0,2016-6-22T00:00:00Z,,,
,WORMS:366753,Pagurus provenzanoi,,,http://purl.obolibrary.org/obo/UBERON_0003101,male organism,http://purl.obolibrary.org/obo/RO_0002441,commensualistOf,,WORMS:101,Gastropoda,,,,,GEONAMES:3715361,Arrecife Cayo Nuevo,21.8297,-92.0753,2016,6,18,0,0,0,2016-6-18T00:00:00Z,,,
,WORMS:367457,Calcinus tibicen,,,http://purl.obolibrary.org/obo/UBERON_0003101,male organism,http://purl.obolibrary.org/obo/RO_0002441,commensualistOf,,WORMS:419521,Cerithium eburneum,,,,,GEONAMES:3533115,Arrecife Alacranes,22.5764,-89.7149,2016,6,24,0,0,0,2016-6-24T00:00:00Z,,,
,WORMS:368306,Paguristes wassi,,,http://purl.obolibrary.org/obo/UBERON_0003100,female organism,http://purl.obolibrary.org/obo/RO_0002441,commensualistOf,,WORMS:101,Gastropoda,,,,,GEONAMES:3533115,Arrecife Alacranes,22.5728,-89.7004,2016,6,24,0,0,0,2016-6-24T00:00:00Z,,,
,WORMS:367457,Calcinus tibicen,,,http://purl.obolibrary.org/obo/UBERON_0003101,male organism,http://purl.obolibrary.org/obo/RO_0002441,commensualistOf,,WORMS:101,Gastropoda,,,,,GEONAMES:3715361,Arrecife Cayo Nuevo,21.8278,-92.1101,2016,6,18,0,0,0,2016-6-18T00:00:00Z,,,
,WORMS:366727,Pagurus marshi,,,http://purl.obolibrary.org/obo/UBERON_0003100,female organism,http://purl.obolibrary.org/obo/RO_0002441,commensualistOf,,WORMS:419521,Cerithium eburneum,,,,,GEONAMES:3533115,Arrecife Alacranes,22.3823,-89.6826,2016,5,20,0,0,0,2016-5-20T00:00:00Z,,,
,WORMS:368299,Paguristes tortugae,,,http://purl.obolibrary.org/obo/UBERON_0003100,female organism,http://purl.obolibrary.org/obo/RO_0002441,commensualistOf,,WORMS:419521,Cerithium eburneum,,,,,GEONAMES:3533115,Arrecife Alacranes,22.3823,-89.6826,2016,5,20,0,0,0,2016-5-20T00:00:00Z,,,
,WORMS:367527,Clibanarius tricolor,,,http://purl.obolibrary.org/obo/UBERON_0003100,female organism,http://purl.obolibrary.org/obo/RO_0002441,commensualistOf,,WORMS:216687,Cerithium litteratum,,,,,GEONAMES:3532741,Arrecife Cayo Arenas,22.1035,-91.3947,2015,3,19,0,0,0,2015-3-19T00:00:00Z,,,
,WORMS:367527,Clibanarius tricolor,,,http://purl.obolibrary.org/obo/UBERON_0003100,female organism,http://purl.obolibrary.org/obo/RO_0002441,commensualistOf,,WORMS:216687,Cerithium litteratum,,,,,GEONAMES:3532741,Arrecife Cayo Arenas,22.1035,-91.3947,2015,3,19,0,0,0,2015-3-19T00:00:00Z,,,
,WORMS:367527,Clibanarius tricolor,,,http://purl.obolibrary.org/obo/UBERON_0003100,female organism,http://purl.obolibrary.org/obo/RO_0002441,commensualistOf,,WORMS:216687,Cerithium litteratum,,,,,GEONAMES:3532741,Arrecife Cayo Arenas,22.1035,-91.3947,2015,3,19,0,0,0,2015-3-19T00:00:00Z,,,
,WORMS:367527,Clibanarius tricolor,,,http://purl.obolibrary.org/obo/UBERON_0003100,female organism,http://purl.obolibrary.org/obo/RO_0002441,commensualistOf,,WORMS:216687,Cerithium litteratum,,,,,GEONAMES:3532741,Arrecife Cayo Arenas,22.1035,-91.3947,2015,3,19,0,0,0,2015-3-19T00:00:00Z,,,
,WORMS:367527,Clibanarius tricolor,,,http://purl.obolibrary.org/obo/UBERON_0003100,female organism,http://purl.obolibrary.org/obo/RO_0002441,commensualistOf,,WORMS:216687,Cerithium litteratum,,,,,GEONAMES:3532741,Arrecife Cayo Arenas,22.1035,-91.3947,2015,3,19,0,0,0,2015-3-19T00:00:00Z,,,
,WORMS:367527,Clibanarius tricolor,,,http://purl.obolibrary.org/obo/UBERON_0003100,female organism,http://purl.obolibrary.org/obo/RO_0002441,commensualistOf,,WORMS:216687,Cerithium litteratum,,,,,GEONAMES:3532741,Arrecife Cayo Arenas,22.1035,-91.3947,2015,3,19,0,0,0,2015-3-19T00:00:00Z,,,
,WORMS:367527,Clibanarius tricolor,,,http://purl.obolibrary.org/obo/UBERON_0003100,female organism,http://purl.obolibrary.org/obo/RO_0002441,commensualistOf,,WORMS:216687,Cerithium litteratum,,,,,GEONAMES:3532741,Arrecife Cayo Arenas,22.1035,-91.3947,2015,3,19,0,0,0,2015-3-19T00:00:00Z,,,
,WORMS:367527,Clibanarius tricolor,,,http://purl.obolibrary.org/obo/UBERON_0003100,female organism,http://purl.obolibrary.org/obo/RO_0002441,commensualistOf,,WORMS:216687,Cerithium litteratum,,,,,GEONAMES:3532741,Arrecife Cayo Arenas,22.1035,-91.3947,2015,3,19,0,0,0,2015-3-19T00:00:00Z,,,
,WORMS:367457,Calcinus tibicen,,,http://purl.obolibrary.org/obo/UBERON_0003100,female organism,http://purl.obolibrary.org/obo/RO_0002441,commensualistOf,,WORMS:413407,Lithopoma americanum,,,,,GEONAMES:3532741,Arrecife Cayo Arenas,22.1035,-91.3947,2015,3,19,0,0,0,2015-3-19T00:00:00Z,,,
,WORMS:367457,Calcinus tibicen,,,http://purl.obolibrary.org/obo/UBERON_0003101,male organism,http://purl.obolibrary.org/obo/RO_0002441,commensualistOf,,WORMS:101,Gastropoda,,,,,GEONAMES:3532741,Arrecife Cayo Arenas,22.1035,-91.3947,2015,3,19,0,0,0,2015-3-19T00:00:00Z,,,
,WORMS:367457,Calcinus tibicen,,,http://purl.obolibrary.org/obo/UBERON_0003101,male organism,http://purl.obolibrary.org/obo/RO_0002441,commensualistOf,,WORMS:419978,Pisania pusio,,,,,GEONAMES:3532741,Arrecife Cayo Arenas,22.1035,-91.3947,2015,3,19,0,0,0,2015-3-19T00:00:00Z,,,
,WORMS:367457,Calcinus tibicen,,,http://purl.obolibrary.org/obo/UBERON_0003100,female organism,http://purl.obolibrary.org/obo/RO_0002441,commensualistOf,,WORMS:101,Gastropoda,,,,,GEONAMES:3532741,Arrecife Cayo Arenas,22.1035,-91.3947,2015,3,19,0,0,0,2015-3-19T00:00:00Z,,,
,WORMS:367457,Calcinus tibicen,,,http://purl.obolibrary.org/obo/UBERON_0003101,male organism,http://purl.obolibrary.org/obo/RO_0002441,commensualistOf,,WORMS:224729,Persicula persicula,,,,,GEONAMES:3532741,Arrecife Cayo Arenas,22.1035,-91.3947,2015,3,19,0,0,0,2015-3-19T00:00:00Z,,,
,WORMS:367527,Clibanarius tricolor,,,http://purl.obolibrary.org/obo/UBERON_0007021,sexually immature organism,http://purl.obolibrary.org/obo/RO_0002441,commensualistOf,,WORMS:877063,Phrontis alba,,,,,GEONAMES:3532741,Arrecife Cayo Arenas,22.1035,-91.3947,2015,3,19,0,0,0,2015-3-19T00:00:00Z,,,
,WORMS:367527,Clibanarius tricolor,,,http://purl.obolibrary.org/obo/UBERON_0007021,sexually immature organism,http://purl.obolibrary.org/obo/RO_0002441,commensualistOf,,WORMS:877063,Phrontis alba,,,,,GEONAMES:3532741,Arrecife Cayo Arenas,22.1035,-91.3947,2015,3,19,0,0,0,2015-3-19T00:00:00Z,,,
,WORMS:367527,Clibanarius tricolor,,,http://purl.obolibrary.org/obo/UBERON_0003101,male organism,http://purl.obolibrary.org/obo/RO_0002441,commensualistOf,,WORMS:137760,Cerithium,,,,,GEONAMES:3532741,Arrecife Cayo Arenas,22.1035,-91.3947,2015,3,19,0,0,0,2015-3-19T00:00:00Z,,,
,WORMS:367527,Clibanarius tricolor,,,http://purl.obolibrary.org/obo/UBERON_0007021,sexually immature organism,http://purl.obolibrary.org/obo/RO_0002441,commensualistOf,,WORMS:234108,Engina turbinella,,,,,GEONAMES:3532741,Arrecife Cayo Arenas,22.1035,-91.3947,2015,3,19,0,0,0,2015-3-19T00:00:00Z,,,
,WORMS:366931,Pylopagurus discoidalis,,,,,http://purl.obolibrary.org/obo/RO_0002441,commensualistOf,,WORMS:104,Scaphopoda,,,,,GEONAMES:3521108,Borde de la Plataforma,23.2768,-89.4997,2012,12,7,0,0,0,2012-12-7T00:00:00Z,,,
,WORMS:367492,Clibanarius antillensis,,,http://purl.obolibrary.org/obo/UBERON_0003100,female organism,http://purl.obolibrary.org/obo/RO_0002441,commensualistOf,,WORMS:208639,Colubraria testacea,,,,,GEONAMES:3715361,Arrecife Cayo Nuevo,21.8278,-92.1101,2016,6,18,0,0,0,2016-6-18T00:00:00Z,,,
,WORMS:367527,Clibanarius tricolor,,,http://purl.obolibrary.org/obo/UBERON_0003101,male organism,http://purl.obolibrary.org/obo/RO_0002441,commensualistOf,,WORMS:420006,Nitidella nitida,,,,,GEONAMES:3532759,Arrecife Cayo Arcas,20.2077,-91.9607,2016,4,24,0,0,0,2016-4-24T00:00:00Z,,,
,WORMS:367527,Clibanarius tricolor,,,http://purl.obolibrary.org/obo/UBERON_0003101,male organism,http://purl.obolibrary.org/obo/RO_0002441,commensualistOf,,WORMS:419521,Cerithium eburneum,,,,,GEONAMES:3532759,Arrecife Cayo Arcas,20.2077,-91.9607,2016,4,24,0,0,0,2016-4-24T00:00:00Z,,,
,WORMS:367527,Clibanarius tricolor,,,http://purl.obolibrary.org/obo/UBERON_0003101,male organism,http://purl.obolibrary.org/obo/RO_0002441,commensualistOf,,WORMS:419521,Cerithium eburneum,,,,,GEONAMES:3532759,Arrecife Cayo Arcas,20.2077,-91.9607,2016,4,24,0,0,0,2016-4-24T00:00:00Z,,,
,WORMS:367527,Clibanarius tricolor,,,http://purl.obolibrary.org/obo/UBERON_0003101,male organism,http://purl.obolibrary.org/obo/RO_0002441,commensualistOf,,WORMS:419521,Cerithium eburneum,,,,,GEONAMES:3532759,Arrecife Cayo Arcas,20.2077,-91.9607,2016,4,24,0,0,0,2016-4-24T00:00:00Z,,,
,WORMS:367527,Clibanarius tricolor,,,http://purl.obolibrary.org/obo/UBERON_0003101,male organism,http://purl.obolibrary.org/obo/RO_0002441,commensualistOf,,WORMS:419462,Tegula lividomaculata,,,,,GEONAMES:3532759,Arrecife Cayo Arcas,20.2077,-91.9607,2016,4,24,0,0,0,2016-4-24T00:00:00Z,,,
,WORMS:367527,Clibanarius tricolor,,,http://purl.obolibrary.org/obo/UBERON_0003101,male organism,http://purl.obolibrary.org/obo/RO_0002441,commensualistOf,,WORMS:419462,Tegula lividomaculata,,,,,GEONAMES:3532759,Arrecife Cayo Arcas,20.2077,-91.9607,2016,4,24,0,0,0,2016-4-24T00:00:00Z,,,
,WORMS:367527,Clibanarius tricolor,,,http://purl.obolibrary.org/obo/UBERON_0003101,male organism,http://purl.obolibrary.org/obo/RO_0002441,commensualistOf,,WORMS:139202,Mitrella ocellata,,,,,GEONAMES:3532759,Arrecife Cayo Arcas,20.2077,-91.9607,2016,4,24,0,0,0,2016-4-24T00:00:00Z,,,
,WORMS:367527,Clibanarius tricolor,,,http://purl.obolibrary.org/obo/UBERON_0003101,male organism,http://purl.obolibrary.org/obo/RO_0002441,commensualistOf,,WORMS:139202,Mitrella ocellata,,,,,GEONAMES:3532759,Arrecife Cayo Arcas,20.2077,-91.9607,2016,4,24,0,0,0,2016-4-24T00:00:00Z,,,
,WORMS:367527,Clibanarius tricolor,,,http://purl.obolibrary.org/obo/UBERON_0003100,female organism,http://purl.obolibrary.org/obo/RO_0002441,commensualistOf,,WORMS:419522,Cerithium lutosum,,,,,GEONAMES:3532759,Arrecife Cayo Arcas,20.2077,-91.9607,2016,4,24,0,0,0,2016-4-24T00:00:00Z,,,
,WORMS:367492,Clibanarius antillensis,,,http://purl.obolibrary.org/obo/UBERON_0003101,male organism,http://purl.obolibrary.org/obo/RO_0002441,commensualistOf,,WORMS:101,Gastropoda,,,,,GEONAMES:3532759,Arrecife Cayo Arcas,20.2077,-91.9607,2016,4,24,0,0,0,2016-4-24T00:00:00Z,,,
,WORMS:367492,Clibanarius antillensis,,,http://purl.obolibrary.org/obo/UBERON_0003101,male organism,http://purl.obolibrary.org/obo/RO_0002441,commensualistOf,,WORMS:419521,Cerithium eburneum,,,,,GEONAMES:3532759,Arrecife Cayo Arcas,20.2077,-91.9607,2016,4,24,0,0,0,2016-4-24T00:00:00Z,,,
,WORMS:503156,Areopaguristes,,,http://purl.obolibrary.org/obo/UBERON_0003101,male organism,http://purl.obolibrary.org/obo/RO_0002441,commensualistOf,,WORMS:877063,Phrontis alba,,,,,GEONAMES:8583886,Dzilam de Bravo,21.4685,-88.8005,2017,6,27,0,0,0,2017-6-27T00:00:00Z,,,
,WORMS:503156,Areopaguristes,,,http://purl.obolibrary.org/obo/UBERON_0007021,sexually immature organism,http://purl.obolibrary.org/obo/RO_0002441,commensualistOf,,WORMS:877063,Phrontis alba,,,,,GEONAMES:8583886,Dzilam de Bravo,21.5212,-88.7720,2017,6,27,0,0,0,2017-6-27T00:00:00Z,,,
,WORMS:366662,Pagurus brevidactylus,,,http://purl.obolibrary.org/obo/UBERON_0003101,male organism,http://purl.obolibrary.org/obo/RO_0002441,commensualistOf,,WORMS:101,Gastropoda,,,,,GEONAMES:3516635,Sisal,21.3472,-90.1476,2016,10,19,0,0,0,2016-10-19T00:00:00Z,,,
,WORMS:503156,Areopaguristes,,,,,http://purl.obolibrary.org/obo/RO_0002441,commensualistOf,,WORMS:216687,Cerithium litteratum,,,,,GEONAMES:3515106,Arrecife Triángulo Oeste,20.9565,-92.3111,2017,9,10,0,0,0,2017-9-10T00:00:00Z,,,
,WORMS:366822,Phimochirus randalli,,,http://purl.obolibrary.org/obo/UBERON_0003101,male organism,http://purl.obolibrary.org/obo/RO_0002441,commensualistOf,,WORMS:216687,Cerithium litteratum,,,,,GEONAMES:3515106,Arrecife Triángulo Oeste,20.9553,-92.3109,2017,9,10,0,0,0,2017-9-10T00:00:00Z,,,
,WORMS:503156,Areopaguristes,,,http://purl.obolibrary.org/obo/UBERON_0003100,female organism,http://purl.obolibrary.org/obo/RO_0002441,commensualistOf,,WORMS:216687,Cerithium litteratum,,,,,GEONAMES:3515107,Arrecife Triángulo Este,20.8993,-92.2283,2017,9,11,0,0,0,2017-9-11T00:00:00Z,,,
,WORMS:503156,Areopaguristes,,,http://purl.obolibrary.org/obo/UBERON_0003101,male organism,http://purl.obolibrary.org/obo/RO_0002441,commensualistOf,,WORMS:216687,Cerithium litteratum,,,,,GEONAMES:3515107,Arrecife Triángulo Este,20.8944,-92.2395,2017,9,12,0,0,0,2017-9-12T00:00:00Z,,,
,WORMS:503156,Areopaguristes,,,http://purl.obolibrary.org/obo/UBERON_0003101,male organism,http://purl.obolibrary.org/obo/RO_0002441,commensualistOf,,WORMS:216687,Cerithium litteratum,,,,,GEONAMES:3715360,Arrecife Banco Obispo Norte,20.5021,-92.2046,2017,9,13,0,0,0,2017-9-13T00:00:00Z,,,
,WORMS:368299,Paguristes tortugae,,,http://purl.obolibrary.org/obo/UBERON_0007021,sexually immature organism,http://purl.obolibrary.org/obo/RO_0002441,commensualistOf,,WORMS:208599,Columbella mercatoria,,,,,GEONAMES:3715360,Arrecife Banco Obispo Norte,20.5037,-92.2020,2017,9,13,0,0,0,2017-9-13T00:00:00Z,,,
,WORMS:503156,Areopaguristes,,,http://purl.obolibrary.org/obo/UBERON_0003101,male organism,http://purl.obolibrary.org/obo/RO_0002441,commensualistOf,,WORMS:216687,Cerithium litteratum,,,,,GEONAMES:3715360,Arrecife Banco Obispo Norte,20.4905,-92.2033,2017,9,13,0,0,0,2017-9-13T00:00:00Z,,,
,WORMS:503156,Areopaguristes,,,http://purl.obolibrary.org/obo/UBERON_0003100,female organism,http://purl.obolibrary.org/obo/RO_0002441,commensualistOf,,WORMS:216687,Cerithium litteratum,,,,,GEONAMES:3715360,Arrecife Banco Obispo Norte,20.4905,-92.2033,2017,9,13,0,0,0,2017-9-13T00:00:00Z,,,
,WORMS:503156,Areopaguristes,,,http://purl.obolibrary.org/obo/UBERON_0003101,male organism,http://purl.obolibrary.org/obo/RO_0002441,commensualistOf,,WORMS:216687,Cerithium litteratum,,,,,GEONAMES:3715360,Arrecife Banco Obispo Norte,20.4905,-92.2033,2017,9,13,0,0,0,2017-9-13T00:00:00Z,,,
,WORMS:503156,Areopaguristes,,,http://purl.obolibrary.org/obo/UBERON_0003101,male organism,http://purl.obolibrary.org/obo/RO_0002441,commensualistOf,,WORMS:216687,Cerithium litteratum,,,,,GEONAMES:3715360,Arrecife Banco Obispo Norte,20.4905,-92.2034,2017,9,13,0,0,0,2017-9-13T00:00:00Z,,,
,WORMS:503156,Areopaguristes,,,http://purl.obolibrary.org/obo/UBERON_0003101,male organism,http://purl.obolibrary.org/obo/RO_0002441,commensualistOf,,WORMS:216687,Cerithium litteratum,,,,,GEONAMES:3715360,Arrecife Banco Obispo Norte,20.4905,-92.2034,2017,9,13,0,0,0,2017-9-13T00:00:00Z,,,
,WORMS:503156,Areopaguristes,,,http://purl.obolibrary.org/obo/UBERON_0003100,female organism,http://purl.obolibrary.org/obo/RO_0002441,commensualistOf,,WORMS:137760,Cerithium,,,,,GEONAMES:3715360,Arrecife Banco Obispo Norte,20.4905,-92.2034,2017,9,13,0,0,0,2017-9-13T00:00:00Z,,,
,WORMS:503156,Areopaguristes,,,http://purl.obolibrary.org/obo/UBERON_0003100,female organism,http://purl.obolibrary.org/obo/RO_0002441,commensualistOf,,WORMS:419521,Cerithium eburneum,,,,,GEONAMES:3715360,Arrecife Banco Obispo Norte,20.4905,-92.2034,2017,9,13,0,0,0,2017-9-13T00:00:00Z,,,
,WORMS:503156,Areopaguristes,,,http://purl.obolibrary.org/obo/UBERON_0003100,female organism,http://purl.obolibrary.org/obo/RO_0002441,commensualistOf,,WORMS:216687,Cerithium litteratum,,,,,GEONAMES:3715360,Arrecife Banco Obispo Norte,20.4905,-92.2034,2017,9,13,0,0,0,2017-9-13T00:00:00Z,,,
,WORMS:503156,Areopaguristes,,,http://purl.obolibrary.org/obo/UBERON_0003100,female organism,http://purl.obolibrary.org/obo/RO_0002441,commensualistOf,,WORMS:216687,Cerithium litteratum,,,,,GEONAMES:3715360,Arrecife Banco Obispo Norte,20.4905,-92.2034,2017,9,13,0,0,0,2017-9-13T00:00:00Z,,,
,WORMS:503156,Areopaguristes,,,http://purl.obolibrary.org/obo/UBERON_0003101,male organism,http://purl.obolibrary.org/obo/RO_0002441,commensualistOf,,WORMS:216687,Cerithium litteratum,,,,,GEONAMES:3715360,Arrecife Banco Obispo Norte,20.4905,-92.2034,2017,9,13,0,0,0,2017-9-13T00:00:00Z,,,
,WORMS:503156,Areopaguristes,,,http://purl.obolibrary.org/obo/UBERON_0003101,male organism,http://purl.obolibrary.org/obo/RO_0002441,commensualistOf,,WORMS:216687,Cerithium litteratum,,,,,GEONAMES:3715360,Arrecife Banco Obispo Norte,20.4905,-92.2034,2017,9,13,0,0,0,2017-9-13T00:00:00Z,,,
,WORMS:503156,Areopaguristes,,,http://purl.obolibrary.org/obo/UBERON_0003101,male organism,http://purl.obolibrary.org/obo/RO_0002441,commensualistOf,,WORMS:216687,Cerithium litteratum,,,,,GEONAMES:3715359,Arrecife Banco Obispo Sur,20.4253,-92.2287,2017,9,14,0,0,0,2017-9-14T00:00:00Z,,,
,WORMS:367527,Clibanarius tricolor,,,http://purl.obolibrary.org/obo/UBERON_0003101,male organism,http://purl.obolibrary.org/obo/RO_0002441,commensualistOf,,WORMS:216687,Cerithium litteratum,,,,,GEONAMES:3533115,Arrecife Alacranes,22.3889,-89.6321,2008,6,12,0,0,0,2008-6-12T00:00:00Z,,,
,WORMS:367527,Clibanarius tricolor,,,http://purl.obolibrary.org/obo/UBERON_0003101,male organism,http://purl.obolibrary.org/obo/RO_0002441,commensualistOf,,WORMS:216687,Cerithium litteratum,,,,,GEONAMES:3533115,Arrecife Alacranes,22.3889,-89.6321,2008,6,12,0,0,0,2008-6-12T00:00:00Z,,,
,WORMS:367527,Clibanarius tricolor,,,http://purl.obolibrary.org/obo/UBERON_0003101,male organism,http://purl.obolibrary.org/obo/RO_0002441,commensualistOf,,WORMS:160009,Prunum,,,,,GEONAMES:3533115,Arrecife Alacranes,22.3889,-89.6321,2008,6,12,0,0,0,2008-6-12T00:00:00Z,,,
,WORMS:367457,Calcinus tibicen,,,,,http://purl.obolibrary.org/obo/RO_0002441,commensualistOf,,WORMS:419521,Cerithium eburneum,,,,,GEONAMES:3533115,Arrecife Alacranes,22.3682,-89.6736,2016,5,23,0,0,0,2016-5-23T00:00:00Z,,,
,WORMS:367457,Calcinus tibicen,,,http://purl.obolibrary.org/obo/UBERON_0003100,female organism,http://purl.obolibrary.org/obo/RO_0002441,commensualistOf,,WORMS:216687,Cerithium litteratum,,,,,GEONAMES:3533115,Arrecife Alacranes,22.3889,-89.6321,2008,6,12,0,0,0,2008-6-12T00:00:00Z,,,
,WORMS:503156,Areopaguristes,,,http://purl.obolibrary.org/obo/UBERON_0003100,female organism,http://purl.obolibrary.org/obo/RO_0002441,commensualistOf,,WORMS:208639,Colubraria testacea,,,,,GEONAMES:3715361,Arrecife Cayo Nuevo,21.8278,-92.1101,2016,6,18,0,0,0,2016-6-18T00:00:00Z,,,
,WORMS:503156,Areopaguristes,,,http://purl.obolibrary.org/obo/UBERON_0003101,male organism,http://purl.obolibrary.org/obo/RO_0002441,commensualistOf,,WORMS:413467,Tegula,,,,,GEONAMES:3715361,Arrecife Cayo Nuevo,21.8278,-92.1101,2016,6,18,0,0,0,2016-6-18T00:00:00Z,,,
,WORMS:503156,Areopaguristes,,,http://purl.obolibrary.org/obo/UBERON_0003100,female organism,http://purl.obolibrary.org/obo/RO_0002441,commensualistOf,,WORMS:420006,Nitidella nitida,,,,,GEONAMES:3715361,Arrecife Cayo Nuevo,21.8278,-92.1101,2016,6,18,0,0,0,2016-6-18T00:00:00Z,,,
,WORMS:503156,Areopaguristes,,,http://purl.obolibrary.org/obo/UBERON_0003100,female organism,http://purl.obolibrary.org/obo/RO_0002441,commensualistOf,,WORMS:419521,Cerithium eburneum,,,,,GEONAMES:3715361,Arrecife Cayo Nuevo,21.8278,-92.1114,2016,6,18,0,0,0,2016-6-18T00:00:00Z,,,
,WORMS:368215,Paguristes cadenati,,,http://purl.obolibrary.org/obo/UBERON_0003100,female organism,http://purl.obolibrary.org/obo/RO_0002441,commensualistOf,,WORMS:216687,Cerithium litteratum,,,,,GEONAMES:3533115,Arrecife Alacranes,22.3889,-89.6321,2008,6,12,0,0,0,2008-6-12T00:00:00Z,,,
,WORMS:368215,Paguristes cadenati,,,http://purl.obolibrary.org/obo/UBERON_0003101,male organism,http://purl.obolibrary.org/obo/RO_0002441,commensualistOf,,WORMS:137813,Conus,,,,,GEONAMES:3533115,Arrecife Alacranes,22.3889,-89.6321,2008,6,12,0,0,0,2008-6-12T00:00:00Z,,,
,WORMS:366753,Pagurus provenzanoi,,,,,http://purl.obolibrary.org/obo/RO_0002441,commensualistOf,,WORMS:137760,Cerithium,,,,,GEONAMES:3515107,Arrecife Triángulo Este,20.8993,-92.2283,2017,9,11,0,0,0,2017-9-11T00:00:00Z,,,
,WORMS:366753,Pagurus provenzanoi,,,http://purl.obolibrary.org/obo/UBERON_0003100,female organism,http://purl.obolibrary.org/obo/RO_0002441,commensualistOf,,WORMS:216687,Cerithium litteratum,,,,,GEONAMES:3715360,Arrecife Banco Obispo Norte,20.5021,-92.2046,2017,9,13,0,0,0,2017-9-13T00:00:00Z,,,
,WORMS:366753,Pagurus provenzanoi,,,http://purl.obolibrary.org/obo/UBERON_0003100,female organism,http://purl.obolibrary.org/obo/RO_0002441,commensualistOf,,WORMS:137760,Cerithium,,,,,GEONAMES:3715360,Arrecife Banco Obispo Norte,20.5021,-92.2046,2017,9,13,0,0,0,2017-9-13T00:00:00Z,,,
,WORMS:366753,Pagurus provenzanoi,,,http://purl.obolibrary.org/obo/UBERON_0003100,female organism,http://purl.obolibrary.org/obo/RO_0002441,commensualistOf,,WORMS:216687,Cerithium litteratum,,,,,GEONAMES:3715360,Arrecife Banco Obispo Norte,20.5037,-92.2020,2017,9,13,0,0,0,2017-9-13T00:00:00Z,,,
,WORMS:366662,Pagurus brevidactylus,,,,,http://purl.obolibrary.org/obo/RO_0002441,commensualistOf,,WORMS:216687,Cerithium litteratum,,,,,GEONAMES:3715360,Arrecife Banco Obispo Norte,20.5021,-92.2046,2017,9,13,0,0,0,2017-9-13T00:00:00Z,,,
,WORMS:366753,Pagurus provenzanoi,,,,,http://purl.obolibrary.org/obo/RO_0002441,commensualistOf,,WORMS:419521,Cerithium eburneum,,,,,GEONAMES:3715359,Arrecife Banco Obispo Sur,20.4206,-92.2233,2017,9,14,0,0,0,2017-9-14T00:00:00Z,,,
,WORMS:366753,Pagurus provenzanoi,,,,,http://purl.obolibrary.org/obo/RO_0002441,commensualistOf,,WORMS:216687,Cerithium litteratum,,,,,GEONAMES:3715359,Arrecife Banco Obispo Sur,20.4206,-92.2233,2017,9,14,0,0,0,2017-9-14T00:00:00Z,,,
,WORMS:366662,Pagurus brevidactylus,,,,,http://purl.obolibrary.org/obo/RO_0002441,commensualistOf,,WORMS:216687,Cerithium litteratum,,,,,GEONAMES:3715360,Arrecife Banco Obispo Norte,20.4905,-92.2033,2017,9,13,0,0,0,2017-9-13T00:00:00Z,,,
,WORMS:366662,Pagurus brevidactylus,,,,,http://purl.obolibrary.org/obo/RO_0002441,commensualistOf,,WORMS:208599,Columbella mercatoria,,,,,GEONAMES:3715360,Arrecife Banco Obispo Norte,20.4905,-92.2033,2017,9,13,0,0,0,2017-9-13T00:00:00Z,,,
,WORMS:366753,Pagurus provenzanoi,,,http://purl.obolibrary.org/obo/UBERON_0003101,male organism,http://purl.obolibrary.org/obo/RO_0002441,commensualistOf,,WORMS:419521,Cerithium eburneum,,,,,GEONAMES:3515106,Arrecife Triángulo Oeste,20.9622,-92.3113,2017,9,8,0,0,0,2017-9-8T00:00:00Z,,,
,WORMS:366753,Pagurus provenzanoi,,,http://purl.obolibrary.org/obo/UBERON_0003101,male organism,http://purl.obolibrary.org/obo/RO_0002441,commensualistOf,,WORMS:216687,Cerithium litteratum,,,,,GEONAMES:3515106,Arrecife Triángulo Oeste,20.9622,-92.3113,2017,9,8,0,0,0,2017-9-8T00:00:00Z,,,
,WORMS:366753,Pagurus provenzanoi,,,,,http://purl.obolibrary.org/obo/RO_0002441,commensualistOf,,WORMS:216687,Cerithium litteratum,,,,,GEONAMES:3515106,Arrecife Triángulo Oeste,20.9565,-92.3111,2017,9,10,0,0,0,2017-9-10T00:00:00Z,,,
,WORMS:366753,Pagurus provenzanoi,,,,,http://purl.obolibrary.org/obo/RO_0002441,commensualistOf,,WORMS:216687,Cerithium litteratum,,,,,GEONAMES:3515106,Arrecife Triángulo Oeste,20.9565,-92.3111,2017,9,10,0,0,0,2017-9-10T00:00:00Z,,,
,WORMS:368215,Paguristes cadenati,,,,,http://purl.obolibrary.org/obo/RO_0002441,commensualistOf,,WORMS:216687,Cerithium litteratum,,,,,GEONAMES:3515106,Arrecife Triángulo Oeste,20.9622,-92.3113,2017,9,8,0,0,0,2017-9-8T00:00:00Z,,,
,WORMS:366477,Iridopagurus caribbensis,,,http://purl.obolibrary.org/obo/UBERON_0003100,female organism,http://purl.obolibrary.org/obo/RO_0002441,commensualistOf,,WORMS:224824,Polinices lacteus,,,,,GEONAMES:3715360,Arrecife Banco Obispo Norte,20.4905,-92.2033,2017,9,13,0,0,0,2017-9-13T00:00:00Z,,,
,WORMS:368306,Paguristes wassi,,,http://purl.obolibrary.org/obo/UBERON_0003101,male organism,http://purl.obolibrary.org/obo/RO_0002441,commensualistOf,,WORMS:419417,Calliostoma javanicum,,,,,GEONAMES:3515106,Arrecife Triángulo Oeste,20.9622,-92.3113,2017,9,8,0,0,0,2017-9-8T00:00:00Z,,,
,WORMS:503156,Areopaguristes,,,http://purl.obolibrary.org/obo/UBERON_0003100,female organism,http://purl.obolibrary.org/obo/RO_0002441,commensualistOf,,WORMS:216687,Cerithium litteratum,,,,,GEONAMES:3515106,Arrecife Triángulo Oeste,20.9622,-92.3113,2017,9,8,0,0,0,2017-9-8T00:00:00Z,,,
,WORMS:503156,Areopaguristes,,,,,http://purl.obolibrary.org/obo/RO_0002441,commensualistOf,,WORMS:208599,Columbella mercatoria,,,,,GEONAMES:3516634,Arrecife Bajo de 10,21.3483,-90.1461,2019,4,25,0,0,0,2019-4-25T00:00:00Z,,,
,WORMS:368299,Paguristes tortugae,,,http://purl.obolibrary.org/obo/UBERON_0003100,female organism,http://purl.obolibrary.org/obo/RO_0002441,commensualistOf,,WORMS:208599,Columbella mercatoria,,,,,GEONAMES:3516634,Arrecife Bajo de 10,21.3483,-90.1461,2019,4,25,0,0,0,2019-4-25T00:00:00Z,,,
,WORMS:368299,Paguristes tortugae,,,,,http://purl.obolibrary.org/obo/RO_0002441,commensualistOf,,WORMS:419521,Cerithium eburneum,,,,,GEONAMES:3516634,Arrecife Bajo de 10,21.3483,-90.1461,2019,4,25,0,0,0,2019-4-25T00:00:00Z,,,
,WORMS:368299,Paguristes tortugae,,,,,http://purl.obolibrary.org/obo/RO_0002441,commensualistOf,,WORMS:208599,Columbella mercatoria,,,,,GEONAMES:3516634,Arrecife Bajo de 10,21.3483,-90.1461,2019,4,25,0,0,0,2019-4-25T00:00:00Z,,,
,WORMS:503156,Areopaguristes,,,,,http://purl.obolibrary.org/obo/RO_0002441,commensualistOf,,WORMS:419459,Tegula fasciata,,,,,GEONAMES:3516634,Arrecife Bajo de 10,21.3483,-90.1461,2019,4,25,0,0,0,2019-4-25T00:00:00Z,,,
,WORMS:503156,Areopaguristes,,,,,http://purl.obolibrary.org/obo/RO_0002441,commensualistOf,,WORMS:419521,Cerithium eburneum,,,,,GEONAMES:3516634,Arrecife Bajo de 10,21.3483,-90.1461,2019,4,25,0,0,0,2019-4-25T00:00:00Z,,,
,WORMS:503156,Areopaguristes,,,,,http://purl.obolibrary.org/obo/RO_0002441,commensualistOf,,WORMS:208599,Columbella mercatoria,,,,,GEONAMES:3516634,Arrecife Bajo de 10,21.3483,-90.1461,2019,4,25,0,0,0,2019-4-25T00:00:00Z,,,
,WORMS:366662,Pagurus brevidactylus,,,http://purl.obolibrary.org/obo/UBERON_0003101,male organism,http://purl.obolibrary.org/obo/RO_0002441,commensualistOf,,WORMS:419521,Cerithium eburneum,,,,,GEONAMES:3516634,Arrecife Bajo de 10,21.3483,-90.1461,2019,4,25,0,0,0,2019-4-25T00:00:00Z,,,
,WORMS:368299,Paguristes tortugae,,,,,http://purl.obolibrary.org/obo/RO_0002441,commensualistOf,,WORMS:208599,Columbella mercatoria,,,,,GEONAMES:3516634,Arrecife Bajo de 10,21.3483,-90.1461,2019,4,25,0,0,0,2019-4-25T00:00:00Z,,,
,WORMS:368299,Paguristes tortugae,,,,,http://purl.obolibrary.org/obo/RO_0002441,commensualistOf,,WORMS:419521,Cerithium eburneum,,,,,GEONAMES:3516634,Arrecife Bajo de 10,21.3483,-90.1461,2019,4,25,0,0,0,2019-4-25T00:00:00Z,,,
,WORMS:503156,Areopaguristes,,,,,http://purl.obolibrary.org/obo/RO_0002441,commensualistOf,,WORMS:216687,Cerithium litteratum,,,,,GEONAMES:3516634,Arrecife Bajo de 10,21.3483,-90.1461,2019,4,25,0,0,0,2019-4-25T00:00:00Z,,,
,WORMS:503156,Areopaguristes,,,,,http://purl.obolibrary.org/obo/RO_0002441,commensualistOf,,WORMS:208599,Columbella mercatoria,,,,,GEONAMES:3516634,Arrecife Bajo de 10,21.3483,-90.1461,2019,4,25,0,0,0,2019-4-25T00:00:00Z,,,
,WORMS:366662,Pagurus brevidactylus,,,http://purl.obolibrary.org/obo/UBERON_0003100,female organism,http://purl.obolibrary.org/obo/RO_0002441,commensualistOf,,WORMS:208599,Columbella mercatoria,,,,,GEONAMES:3516634,Arrecife Bajo de 10,21.3483,-90.1461,2019,4,25,0,0,0,2019-4-25T00:00:00Z,,,
,WORMS:368299,Paguristes tortugae,,,,,http://purl.obolibrary.org/obo/RO_0002441,commensualistOf,,WORMS:208599,Columbella mercatoria,,,,,GEONAMES:3516634,Arrecife Bajo de 10,21.3483,-90.1461,2019,4,25,0,0,0,2019-4-25T00:00:00Z,,,
,WORMS:368299,Paguristes tortugae,,,,,http://purl.obolibrary.org/obo/RO_0002441,commensualistOf,,WORMS:419521,Cerithium eburneum,,,,,GEONAMES:3516634,Arrecife Bajo de 10,21.3483,-90.1461,2019,4,25,0,0,0,2019-4-25T00:00:00Z,,,
,WORMS:503156,Areopaguristes,,,,,http://purl.obolibrary.org/obo/RO_0002441,commensualistOf,,WORMS:208599,Columbella mercatoria,,,,,GEONAMES:3516634,Arrecife Bajo de 10,21.3483,-90.1461,2019,4,25,0,0,0,2019-4-25T00:00:00Z,,,
,WORMS:503156,Areopaguristes,,,,,http://purl.obolibrary.org/obo/RO_0002441,commensualistOf,,WORMS:419521,Cerithium eburneum,,,,,GEONAMES:3516634,Arrecife Bajo de 10,21.3483,-90.1461,2019,4,25,0,0,0,2019-4-25T00:00:00Z,,,
,WORMS:366753,Pagurus provenzanoi,,,,,http://purl.obolibrary.org/obo/RO_0002441,commensualistOf,,WORMS:216687,Cerithium litteratum,,,,,GEONAMES:3515107,Arrecife Triángulo Este,20.8944,-92.2395,2017,9,12,0,0,0,2017-9-12T00:00:00Z,,,
,WORMS:366753,Pagurus provenzanoi,,,,,http://purl.obolibrary.org/obo/RO_0002441,commensualistOf,,WORMS:216687,Cerithium litteratum,,,,,GEONAMES:3515106,Arrecife Triángulo Oeste,20.9622,-92.3113,2017,9,8,0,0,0,2017-9-8T00:00:00Z,,,
,WORMS:366753,Pagurus provenzanoi,,,http://purl.obolibrary.org/obo/UBERON_0003101,male organism,http://purl.obolibrary.org/obo/RO_0002441,commensualistOf,,WORMS:224824,Polinices lacteus,,,,,GEONAMES:3715360,Arrecife Banco Obispo Norte,20.4946,-92.2038,2017,9,13,0,0,0,2017-9-13T00:00:00Z,,,
,WORMS:368215,Paguristes cadenati,,,,,http://purl.obolibrary.org/obo/RO_0002441,commensualistOf,,WORMS:224824,Polinices lacteus,,,,,GEONAMES:3515107,Arrecife Triángulo Este,20.8986,-92.2323,2017,9,11,0,0,0,2017-9-11T00:00:00Z,,,
,WORMS:368275,Paguristes puncticeps,,,http://purl.obolibrary.org/obo/UBERON_0003100,female organism,http://purl.obolibrary.org/obo/RO_0002441,commensualistOf,,WORMS:489043,Hemipolygona carinifera,,,,,GEONAMES:3715360,Arrecife Banco Obispo Norte,20.4946,-92.2038,2017,9,13,0,0,0,2017-9-13T00:00:00Z,,,
,WORMS:367457,Calcinus tibicen,,,http://purl.obolibrary.org/obo/UBERON_0003100,female organism,http://purl.obolibrary.org/obo/RO_0002441,commensualistOf,,WORMS:413407,Lithopoma americanum,,,,,GEONAMES:3715359,Arrecife Banco Obispo Sur,20.4253,-92.2287,2017,9,14,0,0,0,2017-9-14T00:00:00Z,,,
,WORMS:368215,Paguristes cadenati,,,http://purl.obolibrary.org/obo/UBERON_0003101,male organism,http://purl.obolibrary.org/obo/RO_0002441,commensualistOf,,WORMS:216687,Cerithium litteratum,,,,,GEONAMES:3515106,Arrecife Triángulo Oeste,20.9553,-92.3109,2017,9,10,0,0,0,2017-9-10T00:00:00Z,,,
